basin_id,area,srftopo,slope_avg,wcap,wava,fveg,lai,p_mean,pet_mean,aridity,frac_snow,high_prec_freq,high_prec_dur,low_prec_freq,low_prec_dur
4060006520_0,27825.1,244.5499588,0.017027307,661.8911866,338.3138649,0.426838364,1.836741751,2.398014939,7.081690035,2.953146754,0.31842714,20.55,1.263076923,258.45,4.970192308
4060006670_0,5036.0,181.6489774,0.01268101,717.8430054,364.9203979,0.366689467,2.108779318,1.64044801,5.174637216,3.154404884,0.286314703,19.9,1.269968051,292.925,7.101212121
4060006840_0,3124.7,316.6967278,0.019556695,684.8523763,350.7883911,0.385277942,2.374099559,1.666278075,5.259094982,3.156192872,0.273456472,19.0,1.252892562,290.55,6.86068477
4060007380_0,9825.0,99.30347677,0.008904775,730.2432785,372.601123,0.503852902,1.915975835,1.886420145,5.136707549,2.72299231,0.223612941,20.95,1.337060703,287.7,7.17654398
4060008100_0,3629.5,36.92955359,0.003267516,679.3987948,348.6272691,0.626919155,1.730939111,1.911566912,5.318562668,2.782305257,0.142387733,20.6,1.33495935,288.375,6.683082271
4060009880_0,4424.8,3.850533819,0.000633762,719.8889496,367.0735367,0.728060362,2.130181095,3.508843814,4.627477871,1.318804175,0.03161517,20.775,1.387959866,242.475,4.685507246
4060009890_0,4430.5,2.239393843,0.000773245,712.6165348,363.5912353,0.659348929,2.134320122,3.64798628,4.768806034,1.307243413,0.018672346,19.525,1.320338983,236.075,4.456347334
4060010150_0,26251.8,39.30333351,0.005864114,689.3715218,350.4131647,0.622259025,2.516510004,4.145918585,4.435846205,1.069930852,0.016631726,17.525,1.328897338,215.075,4.134070159
4060010370_0,1681.3,44.66207143,0.008366972,630.7375005,320.0395889,0.578606614,2.640746024,4.250768177,4.250740464,0.99999348,0.011926736,18.1,1.338888889,218.85,4.002743484
4060011100_0,17206.0,462.9578898,0.044823696,662.5882848,332.3817482,0.583407244,3.876294605,5.114789302,8.128018496,1.589120884,0.014151925,14.425,1.348946136,173.05,3.577260982
4060011800_0,5603.6,452.6785203,0.041797413,628.4993286,320.3885956,0.580283158,4.410334289,4.437524432,8.126030851,1.831208138,0.000139305,16.025,1.422222222,196.05,4.256243214
4060011960_0,13823.6,518.3647474,0.043757786,614.4293682,313.3210487,0.592365624,5.005326482,4.717005831,10.78805936,2.287056609,0.00013946,14.55,1.363849765,178.5,4.164527421
4060012990_0,2886.7,56.49604024,0.01151934,601.4439774,307.6232471,0.538553777,2.144601673,5.114900907,5.183836023,1.013477312,0.0,13.4,1.38961039,177.625,4.545454545
4060013090_0,5099.8,108.9768439,0.017526781,666.8926239,340.4275894,0.53575558,2.32012518,4.919370921,5.211942448,1.059473362,0.0,13.125,1.389920424,173.775,4.463712267
4060050460_0,29604.5,3660.218931,0.037169328,181.5824912,89.63362413,0.161413841,0.799660671,1.722015412,2.32621914,1.350870105,0.5753679,17.35,1.290502793,241.075,5.737061273
4060050470_0,29078.1,4896.687307,0.023500535,152.1926278,76.69100885,0.123331639,0.63417336,1.621911142,2.87537421,1.772830913,0.606541607,11.2,1.339339339,232.9,8.208810573
4060050550_0,22951.4,2016.952587,0.023539432,139.8569917,85.50860042,0.097574925,0.483049999,1.067081324,3.793313257,3.554849262,0.35534613,16.2,1.23709369,268.775,5.899560922
4060050590_0,20448.7,888.7073784,0.01604362,152.6301535,92.91404498,0.060610914,0.536235692,0.775215208,3.917587063,5.053547739,0.343506674,17.275,1.18556701,289.275,6.258518118
4060050610_0,21984.5,5114.286606,0.03921102,112.7536812,58.90931378,0.068234237,0.401123251,1.283973785,3.256252959,2.536074333,0.591249914,24.15,2.120879121,270.775,13.30589681
4060050710_0,15893.7,4973.656437,0.036137849,156.5317547,81.95971939,0.114746701,0.561387249,1.496750371,3.280393127,2.191676842,0.568745669,15.375,1.490291262,246.225,10.40021119
4060050870_0,11265.3,1089.719241,0.021978929,135.1556264,85.2508467,0.073544691,0.475359062,0.793797457,4.371473267,5.507038637,0.341105836,16.025,1.149012567,281.875,5.940990516
4060050910_0,10741.2,4973.802789,0.042522735,188.5800864,94.82769756,0.164712087,0.787212375,1.967171512,2.708823943,1.377014626,0.606538197,11.65,1.274725275,215.3,6.490580256
4060050950_0,10168.9,5145.312801,0.020654149,83.75934728,43.35444207,0.047377679,0.335707573,1.576534549,1.962333733,1.244713434,0.72975945,11.15,1.20596206,231.375,6.029967427
4060051040_0,11870.9,5105.136053,0.043403301,133.1754333,70.33129592,0.08645441,0.461618109,1.374383927,3.002746431,2.18479449,0.581361661,20.125,1.778761062,260.625,12.36654804
4060051160_0,24221.0,5090.595215,0.018710019,50.98915289,27.15314654,0.012801591,0.24224888,1.352288325,2.356966125,1.742946443,0.720233597,10.85,1.177111717,239.95,6.633724948
4060051220_0,8915.1,5035.529704,0.039057018,159.4981225,83.6910518,0.116567722,0.559093736,1.340177518,3.374388649,2.517866928,0.572588548,19.925,1.649377593,261.0,11.78329571
4060051270_0,7948.7,5057.737681,0.025610509,55.21353896,29.23568897,0.015666784,0.239707997,1.152216372,2.797581716,2.428000317,0.647205313,15.4,1.397727273,257.675,8.353322528
4060051460_0,10833.2,3592.048031,0.033490551,166.2438151,82.85709545,0.139698896,0.721392335,1.257193975,2.91600543,2.319455459,0.473593729,20.2,1.285031847,267.525,6.855861627
4060051810_0,4802.6,4831.1573,0.025241503,187.645008,92.59065539,0.169622793,0.80579064,1.885166584,3.203093702,1.699103797,0.55810736,12.675,1.317708333,228.7,6.989304813
4060051820_0,4737.8,4285.459786,0.032135106,74.13514462,40.80363903,0.031401155,0.305441757,1.286231958,1.716295247,1.334359045,0.708232696,21.45,1.373397436,270.125,6.216915995
4060051890_0,4634.9,1537.986816,0.016937705,194.741581,104.0032604,0.189290072,0.862236918,1.280477024,4.023280267,3.142016758,0.39287003,20.35,1.264385692,284.075,6.429541596
4060051970_0,8056.9,4838.064102,0.019293497,116.0539846,59.7623806,0.084424338,0.49082644,1.263669021,3.302933171,2.613764456,0.575055648,18.3,1.529288703,260.5,9.649074074
4060052100_0,12459.7,653.6050831,0.00559945,154.9678373,95.51798815,0.010552433,0.457740114,0.37330254,4.004233763,10.72651089,0.356204168,20.225,1.193500739,328.275,11.94813467
4060052150_0,10234.9,1036.515597,0.00981915,138.386123,88.58233356,0.012565975,0.398221846,0.401970066,3.954538612,9.837893294,0.367517031,20.65,1.217134417,324.875,10.90268456
4060052310_0,5865.9,466.3930626,0.003880025,123.1866299,83.10095787,0.010269003,0.306212629,0.334957558,4.453443771,13.29554646,0.341325196,19.85,1.2143951,333.4,13.60816327
4060052330_0,8175.1,4975.06532,0.016513388,108.1483707,53.92446432,0.077948027,0.479008649,1.444713207,2.885752431,1.997456946,0.627876443,13.925,1.376237624,241.925,7.438893159
4060052350_0,5183.3,5142.666937,0.020280822,63.31176462,33.59764137,0.026172593,0.2657594,1.46306265,2.315206661,1.582438497,0.703808278,13.075,1.251798561,240.6,6.534283775
4060052400_0,3506.6,4780.973694,0.019938613,189.7944565,92.69326973,0.171534702,0.812696416,1.7603149,2.968129551,1.68613556,0.574059968,14.9,1.368663594,236.5,7.108189331
4060052490_0,5043.0,4934.017456,0.028972663,185.3846146,92.78347816,0.161796863,0.754372945,1.622884209,3.378006053,2.081483099,0.544521265,14.85,1.335585586,240.825,8.532329495
4060052510_0,5461.2,4802.76786,0.027313443,198.2663314,96.32663918,0.18489909,0.867884775,2.063488612,2.794974702,1.354490006,0.571733443,10.6,1.277945619,214.375,5.963838665
4060052590_0,5405.9,5062.691559,0.0202012,93.8803792,48.17044437,0.062035578,0.406779943,1.297160112,2.826875777,2.179280531,0.648271093,14.0,1.321513002,251.025,7.90086546
4060052910_0,4903.2,5167.682682,0.020558413,51.34704386,27.52066905,0.012171412,0.226814756,1.355744326,2.372404359,1.749890679,0.713239865,11.375,1.237057221,241.5,6.639862543
4060053240_0,4103.1,4756.35554,0.018416739,147.9481405,78.00571084,0.106387541,0.591739692,1.399462519,3.519605493,2.514969458,0.518918161,18.725,1.493013972,255.8,9.388073394
4060053450_0,2296.4,1480.462677,0.021071947,226.2115345,119.9854488,0.20433923,1.001464727,1.54299553,3.611512317,2.340585081,0.371212672,21.825,1.300595238,282.5,6.29064588
4060053530_0,4495.8,5033.991528,0.026264689,89.66779397,46.3947086,0.052430064,0.355042902,1.280367613,2.937689397,2.294410892,0.62598343,15.925,1.367741935,253.3,8.558277027
4060054270_0,1734.2,5333.232361,0.047048911,89.21193981,47.04879928,0.045055802,0.327413756,1.259851673,2.267126162,1.799518316,0.711341632,19.175,1.706013363,266.35,9.650362319
4060054460_0,4393.5,5079.852795,0.025471125,69.50206242,36.13507929,0.029874242,0.274440425,1.225695347,2.808984434,2.291747653,0.645736488,13.525,1.298795181,251.55,7.687547746
4060055030_0,3098.6,4750.873942,0.018047239,158.5195519,80.81649288,0.12370214,0.660760523,1.671654595,3.350778618,2.004468284,0.54869904,16.25,1.401727862,242.375,7.738228252
4060055200_0,1328.9,2051.978958,0.056342801,228.3734074,122.8849249,0.200973746,1.052912348,1.917906885,1.767096399,0.921367149,0.471037644,13.475,1.182417582,214.725,4.006529851
4060055770_0,2228.6,4763.609558,0.024983932,205.7659445,99.18204355,0.195382639,0.907014659,2.108634722,2.845310187,1.349361346,0.556897385,11.675,1.288088643,212.5,5.55620915
4060056170_0,1067.0,4892.078328,0.05274977,109.2987518,59.11711629,0.05796198,0.364204743,1.831983201,3.302192732,1.802523479,0.490397191,22.875,1.589565217,262.175,9.997140133
4060057980_0,1417.4,4698.435303,0.015400962,99.30500031,52.11946487,0.060812668,0.45304549,1.253636895,3.58649066,2.860868785,0.516576715,20.25,1.618,265.6,9.712065814
4060060440_0,1022.1,1650.192352,0.032914097,489.4881554,256.4195671,0.295800987,2.089932526,3.575087982,4.657293223,1.302707303,0.002414626,14.8,1.270967742,196.075,4.320661157
4060060640_0,2941.4,695.888504,0.033604117,587.8374329,298.7330933,0.471239324,2.405816998,5.133010249,4.606638879,0.897453669,0.000763359,13.575,1.278301887,145.65,3.266255605
4060106900_0,3363.5,663.7597407,0.026669242,296.3633718,160.153612,0.289563208,1.73982316,1.647720733,8.659265451,5.255299202,0.506590941,19.9,1.388111888,266.95,5.857377948
4060106910_0,6546.2,665.0953671,0.025854202,291.0497773,158.4874463,0.298239745,1.673869879,1.739633201,7.137594879,4.102930936,0.504232249,19.2,1.372759857,264.75,5.815485997
4060108480_0,2383.4,740.9603214,0.029663385,303.1747322,165.0528283,0.322932381,1.72304812,1.544219067,7.75986173,5.025104206,0.517424401,20.15,1.355218855,267.475,5.830517711
4060109820_0,2196.0,850.8985558,0.028786606,319.2214394,171.506474,0.303926844,1.780270054,1.729859744,6.705137364,3.876116194,0.528581412,19.3,1.347902098,260.5,5.498680739
4060109910_0,5311.9,854.0642573,0.027897008,359.5650469,191.9455961,0.301985495,1.670308224,1.743210323,6.902171595,3.959460028,0.524921575,19.175,1.351590106,259.925,5.556921432
4060110370_0,15771.4,845.2284097,0.02647128,402.1923175,213.833399,0.321177686,1.626978559,1.65025152,5.673381618,3.437889042,0.522088353,18.55,1.349726776,258.95,5.587378641
4060111150_0,5897.6,443.6630509,0.01658306,269.4376157,149.263583,0.312282891,1.574614733,1.572737027,11.70421314,7.441939077,0.481419156,21.275,1.362179487,273.0,6.215139442
4060111270_0,3921.1,455.3591896,0.016316097,229.3468464,131.4403057,0.342676724,1.505608506,1.706159539,11.56794313,6.780106356,0.483739265,20.85,1.374587459,269.05,5.998885173
4060113050_0,1802.1,396.2802658,0.013222324,263.1635528,148.3767807,0.344637357,1.468144517,1.665778547,11.88030756,7.131984967,0.471438696,21.35,1.3648,272.2,6.130630631
4060136410_0,15787.9,818.9218603,0.021179147,580.1298218,303.4393097,0.328868203,1.353448486,1.539877057,4.696743972,3.050077245,0.498856153,19.225,1.384476534,265.975,5.917130145
4060152570_0,20438.3,820.4843304,0.017135203,567.3653734,296.37457,0.294609971,1.208592553,1.536972278,4.299865111,2.797620472,0.487150993,18.65,1.33572711,265.85,5.881637168
4060153390_0,4936.4,718.5931692,0.011933045,507.3877169,263.7717289,0.221842034,1.007755694,1.32898782,4.239913086,3.190332539,0.474107768,20.25,1.352842809,280.275,6.435706085
4060154700_0,19699.5,610.2054423,0.019707917,453.0983497,241.4614101,0.347534089,1.417381734,1.759227542,9.291156328,5.281384076,0.47489409,20.05,1.426024955,264.775,6.045091324
4060154710_0,41359.2,434.0638293,0.013505109,465.9138909,247.2549734,0.334384284,1.384718415,1.742048667,9.641343673,5.534485835,0.464035514,20.075,1.330016584,261.275,5.887887324
4060157440_0,10735.9,927.9410837,0.017042895,656.6221944,340.4303978,0.300139022,1.236525895,1.513258642,4.139897596,2.735750176,0.485624564,18.9,1.273648649,263.525,5.427909372
4060172840_0,3382.0,905.1032257,0.012296685,646.6968994,334.8145897,0.292223155,1.286074806,1.494756516,4.621752088,3.091976546,0.483323991,19.575,1.304347826,266.325,5.396656535
4060175950_0,25740.6,612.6702093,0.019558074,428.8983378,228.8055705,0.349276456,1.441345962,1.73610471,11.62698776,6.697169638,0.464047751,20.2,1.425795053,267.3,6.223515716
4060175960_0,20672.1,297.2932416,0.006564268,625.5089299,323.9356854,0.346303622,1.378065076,1.767415161,8.00595934,4.529755948,0.433272905,22.025,1.337899543,265.575,5.991539763
4060180330_0,4530.8,290.5739781,0.005274687,655.9382502,339.7839365,0.353466806,1.340751262,1.86505502,6.536545362,3.504746665,0.427785614,22.55,1.319180088,269.05,5.864850136
4060180500_0,1213.8,251.5289586,0.004810234,810.42394,409.4623871,0.469775575,1.623376373,1.755824851,3.924719037,2.235256572,0.421920743,22.875,1.348082596,276.7,6.214486244
4060186170_0,1912.3,209.5342903,0.002812868,803.5919189,410.730835,0.396188413,1.375471974,1.589024989,4.567747821,2.874560093,0.413172794,22.175,1.359447005,283.775,6.740498812
4060186180_0,3951.7,234.4600601,0.003928225,811.1216634,413.860068,0.417463119,1.42265189,1.633723758,5.012967997,3.068430616,0.41642979,22.65,1.365007541,279.95,6.465357968
4060197470_0,4626.2,132.3453011,0.006952036,523.5604177,270.4388571,0.33268992,1.553038252,1.890437277,6.063630106,3.207527793,0.409972687,20.25,1.266875981,261.125,5.26727181
4060197600_0,2686.2,142.9438493,0.007736216,546.7570229,280.7398109,0.338743645,1.368056811,1.885949201,6.15353386,3.262831182,0.402676056,19.425,1.248387097,259.575,5.150297619
4060199150_0,4501.5,286.0054945,0.017535065,387.2047585,206.2913635,0.354248252,1.610411053,2.037290501,9.61819982,4.721074296,0.425369475,20.1,1.293075684,254.425,5.035625928
4060199310_0,5360.6,191.1878883,0.012127203,553.8940063,284.073481,0.362678878,1.623694527,1.829202143,6.621276289,3.619761935,0.406766601,19.5,1.257281553,261.85,5.237
4060205640_0,19445.4,506.4103443,0.017519555,434.1958477,228.1514496,0.350341482,1.496045328,1.59061634,11.09005616,6.972175426,0.431864217,21.25,1.44047619,279.325,7.040327662
4060205650_0,17447.4,332.2574505,0.010445585,562.2422974,290.0894349,0.353938827,1.473995711,1.550882771,7.256879502,4.679192805,0.415650834,21.975,1.412238325,282.5,7.179161372
4060209040_0,10257.2,179.2558282,0.00186239,768.7171441,390.4632738,0.410151351,1.455991416,1.543923009,4.319043457,2.797447432,0.400353982,22.275,1.348484848,282.9,6.804570054
4060209190_0,3654.0,150.1549007,0.000602664,734.1425543,373.8901984,0.348499062,1.42580907,1.423665263,4.722387621,3.317063178,0.393446149,23.275,1.368188513,290.675,7.434143223
4060209330_0,17532.6,623.7859508,0.019235816,489.7246144,255.5892421,0.341230911,1.456788813,1.553025895,8.666085971,5.580129734,0.447882623,21.0,1.427597956,275.075,6.692822384
4060213920_0,20698.2,431.7015822,0.02382973,302.3364129,165.953539,0.36345109,1.637274342,2.056263357,10.60132134,5.155624302,0.444452164,18.225,1.270506108,241.825,4.748649975
4060214110_0,2945.5,364.4044563,0.029671633,465.0673409,238.2254761,0.377131439,1.748731624,2.103516788,9.724212386,4.622835645,0.42900154,18.125,1.270175439,247.825,4.909856365
4060224160_0,10971.9,251.8826624,0.014758264,526.3955657,270.2761524,0.367473166,1.477499957,1.914765083,5.812425385,3.03558146,0.40569395,18.55,1.219471947,251.425,4.849083896
4060225200_0,4219.8,290.3467441,0.022860779,485.6372876,249.6508753,0.374830931,1.697967804,2.079057534,9.571432472,4.60373622,0.408149027,17.975,1.24738676,246.7,4.648139425
4060225210_0,1842.3,202.4612878,0.013745833,611.7300669,311.5113093,0.387057503,1.502735688,1.903727215,7.886270209,4.14254214,0.402175439,18.775,1.283018868,256.5,4.942196532
4060232550_0,3064.3,105.5514824,0.006261557,576.4595276,294.297966,0.317676762,1.642220426,2.025801922,4.921343069,2.429330832,0.398725312,19.7,1.265273312,256.975,4.960907336
4060237430_0,14181.2,214.9814278,0.011623816,637.5434676,324.5222807,0.44027905,1.72587493,2.153571863,7.466440856,3.467003347,0.400990099,20.0,1.297077922,253.05,5.138071066
4060237570_0,10830.6,339.8098893,0.019781969,513.6036087,264.0985947,0.376029873,1.710063367,2.283731319,8.896029228,3.895392226,0.405471252,17.525,1.228873239,234.775,4.175633615
4060239010_0,31058.8,249.1640332,0.008058239,621.2669176,318.6493127,0.438213536,1.597619188,2.00152556,7.16106902,3.577805431,0.414835929,20.775,1.307086614,256.675,5.423666138
4060239440_0,5324.4,157.2943621,0.002127328,757.7361313,381.3216274,0.472988003,1.608883863,1.642235651,4.004168562,2.438242379,0.39071718,21.875,1.316742081,279.8,6.564222874
4060239850_0,8316.3,175.3764167,0.004897022,776.7685249,390.6881833,0.511254177,1.788173212,1.906370053,6.354203194,3.333142579,0.388587531,20.6,1.291993721,264.225,5.682258065
4060240740_0,9237.7,462.8787663,0.028062408,520.5391116,267.8095971,0.389960312,1.691536082,2.119396768,8.266463081,3.900384867,0.420068145,17.075,1.205309735,236.95,4.286748078
4060240750_0,4066.0,370.0562286,0.021305338,494.2655125,254.0898848,0.370501764,1.553429513,1.891814509,8.234346497,4.352618324,0.414257648,18.05,1.220338983,252.05,4.791825095
4060244890_0,9305.1,222.3134038,0.00471023,556.4869553,282.7676876,0.272576008,1.420918625,1.316151396,4.98177546,3.785108215,0.379750466,21.975,1.373040752,296.325,8.101845523
4060244900_0,5143.9,138.9817166,0.000878101,672.0288499,339.5283594,0.329505102,1.545446712,1.330229548,4.660370784,3.503433517,0.377952189,22.5,1.354449472,295.7,7.895861148
4060245070_0,1132.3,131.0841624,0.000673117,731.093099,368.5369466,0.340103902,1.63040489,1.274992749,4.368740805,3.426482863,0.369075655,22.375,1.33632287,299.15,7.972018654
4060246920_0,1426.4,163.043252,0.001558666,643.952673,325.0075026,0.313836097,1.492351529,1.240848844,5.643752926,4.548300105,0.368726578,22.025,1.337386018,301.875,8.344851417
4060247070_0,8805.8,155.3477206,0.001351693,728.9941126,368.3279463,0.379037343,1.511787423,1.496654589,4.026747679,2.690499002,0.387460149,22.1,1.325825826,284.175,7.008014797
4060247240_0,1314.9,153.6106672,0.000911328,717.0820789,360.4551096,0.328870415,1.584395507,1.228558952,4.720050028,3.841940202,0.365875175,22.075,1.359013867,302.9,8.437325905
4060247250_0,6115.1,134.2439437,0.000890043,693.0714372,350.0984271,0.31506434,1.555765438,1.378645274,3.554639999,2.578357223,0.377401778,22.425,1.341829085,291.2,7.423836839
4060251620_0,1145.2,145.6054039,0.001343289,745.2679774,374.0969569,0.394060218,1.648434763,1.525681926,4.157825307,2.725224201,0.378675143,21.8,1.283185841,286.85,7.026331904
4060252610_0,4137.4,153.036751,0.001982449,816.7935066,409.341846,0.494590029,1.767203458,1.601730877,4.305598486,2.688091082,0.375233042,21.25,1.288753799,283.2,6.61682243
4060252760_0,19628.5,295.6840005,0.012956364,649.7745593,329.5316937,0.455274152,1.815318538,2.358246295,7.502569382,3.181418921,0.390923622,18.725,1.273037543,237.825,4.404166667
4060255200_0,7701.7,1038.847389,0.010180555,127.3917564,69.39188202,0.063579537,0.659557438,1.1191928,3.781281013,3.378578752,0.43989245,19.275,1.323580034,289.85,6.970535177
4060255420_0,2088.4,160.6813602,0.001854686,802.8118362,402.4691162,0.453600502,1.757589024,1.512896924,4.379736654,2.894933941,0.367332123,21.575,1.318042813,288.175,6.981829194
4060255430_0,3117.7,166.7088142,0.002711232,847.4365082,424.3158203,0.534846083,1.831602518,1.619388175,4.384055013,2.707229237,0.371631817,21.625,1.323124043,282.625,6.557424594
4060255940_0,20831.2,1474.634413,0.042176966,175.5735781,101.463769,0.1382959,0.667304835,1.496164054,3.014267272,2.014663608,0.41659791,11.725,1.161290323,225.2,4.615266393
4060255950_0,11884.5,1299.096437,0.034783304,175.3783409,101.2879971,0.137649345,0.67171488,0.869662123,3.903336727,4.48833705,0.356128499,14.95,1.159533074,274.575,5.62704918
4060256070_0,36178.5,352.8240383,0.007304595,620.1060089,313.1851047,0.284535586,1.494754552,1.340281447,4.825145093,3.600098401,0.381222432,21.25,1.415,285.75,7.412451362
4060257960_0,1685.8,209.2586416,0.003746904,538.2085241,273.4194959,0.27611404,1.356432526,1.262339818,4.769145354,3.778020216,0.373772894,21.925,1.369905956,300.45,8.334257975
4060258090_0,9266.1,371.0060622,0.010373526,576.0095537,291.9219272,0.268437685,1.462547264,1.282046064,4.953085412,3.863422344,0.382317029,20.975,1.397328881,298.375,8.236714976
4060270860_0,6182.0,1387.571084,0.049365817,189.9182294,109.5644496,0.132917739,0.740414347,1.723474428,2.957333967,1.715914039,0.384360549,14.5,1.16733871,225.25,4.387049659
4060271590_0,3566.6,1305.240343,0.051181012,182.5439305,106.3929808,0.119880555,0.720267004,2.658448451,2.343596013,0.88156534,0.402083908,14.9,1.224279835,201.825,4.057286432
4060276820_0,2668.6,1286.372993,0.052500471,162.9448195,99.72565031,0.080487035,0.548397959,1.935528947,2.641331517,1.364656169,0.350044824,13.4,1.23556582,218.1,4.129200189
4060277280_0,18282.1,233.3682457,0.006229193,795.0279009,399.7312645,0.501344165,1.839136386,2.050169773,5.290921019,2.580723358,0.364536517,20.275,1.313821138,261.9,5.285570131
4060277290_0,17284.4,352.7312171,0.017322712,558.1028941,286.1893375,0.40976902,1.744875588,2.487544649,8.301299068,3.337145756,0.381580775,18.625,1.259762309,237.125,4.217429969
4060280360_0,8023.0,1169.196694,0.027251202,179.7356677,102.3406354,0.142045525,0.742123826,1.184379847,3.195961315,2.698425951,0.409674303,16.875,1.174216028,258.45,4.890728477
4060280510_0,4512.6,1311.428418,0.033772281,189.3656591,106.384895,0.162788152,0.773612408,1.242953433,3.183723277,2.561417984,0.401407965,15.6,1.149446494,249.625,4.732701422
4060289170_0,5222.5,570.1850357,0.028204129,532.3689016,271.1886787,0.405901147,1.784134363,2.448468975,8.565170509,3.498174,0.428133278,16.35,1.214552239,225.175,3.929755672
4060297340_0,9491.6,606.0823509,0.027403577,455.6646039,235.7457304,0.385984137,1.812291083,2.288766934,9.406849777,4.110007723,0.404780101,18.3,1.231028668,236.35,4.213012478
4060297550_0,1843.0,561.8048439,0.0219315,456.1385422,241.8123525,0.403961415,1.693231367,2.078674616,11.33271639,5.451895311,0.404928591,18.45,1.220198675,245.975,4.374833259
4060314110_0,11309.4,648.4649809,0.016622957,433.8847124,222.360639,0.228950389,1.281248059,1.180590835,5.902343537,4.99948277,0.393722037,20.9,1.447140381,298.85,8.191912269
4060320440_0,1500.6,153.6936793,0.000900861,733.867918,368.8713961,0.329332038,1.67335819,1.406407965,4.834954704,3.437803842,0.346910112,22.025,1.360123648,299.175,7.91468254
4060320450_0,1554.1,157.1264496,0.001576233,838.5132345,419.7835871,0.403106271,1.788479304,1.553664785,4.608100641,2.965955517,0.351907667,22.2,1.325859492,294.15,7.376802508
4060325660_0,9594.9,2089.680082,0.071199521,250.2372825,139.1542009,0.24907583,1.138468338,1.906075463,4.092114695,2.146879688,0.473020467,13.25,1.216091954,213.3,3.418669872
4060325880_0,2786.2,1204.34289,0.035100958,329.674633,174.616209,0.332788741,1.222948778,1.99275772,3.077764434,1.544474977,0.321246062,14.025,1.164241164,215.8,3.672054445
4060326920_0,7663.6,2419.977524,0.073160007,261.0442638,144.0952686,0.261809044,1.145592399,1.88430343,4.74543419,2.518402353,0.451891817,13.975,1.17721519,222.125,3.673418768
4060327490_0,7339.9,703.7858103,0.017963259,407.2013076,209.6144265,0.220247423,1.215834824,1.193124373,6.199200132,5.195770259,0.396450969,20.425,1.447602131,298.525,8.18861454
4060327650_0,2261.3,519.639863,0.010324937,308.2805762,162.0195484,0.179152502,1.0298537,1.071828672,4.824181007,4.500888185,0.359766462,19.925,1.386759582,308.125,8.921014493
4060327900_0,1843.5,596.8853022,0.023085758,385.5685043,202.5493272,0.387673466,1.753276446,2.476358118,9.934266073,4.011643551,0.404910121,18.675,1.258010118,236.475,4.059656652
4060328040_0,2870.4,649.7241135,0.021615691,439.7150345,225.4479237,0.377029534,1.717727851,2.720671163,10.55617333,3.879988687,0.404636828,17.425,1.227915194,230.275,3.894714588
4060333000_0,29420.1,751.27856,0.020526975,423.2331425,218.0788397,0.264280293,1.467363666,1.343810882,4.954199225,3.686678901,0.361122866,20.075,1.343383585,285.775,6.956177724
4060343050_0,14861.7,463.6402406,0.017054027,608.8450285,311.3699589,0.387196476,1.843785665,2.67396639,7.092966806,2.652601331,0.368266816,18.075,1.264912281,238.0,4.126571305
4060343060_0,1901.9,533.4219208,0.021920363,350.4463514,185.3884525,0.393026695,1.72786804,2.909272299,11.69023549,4.0182679,0.38220042,17.45,1.260869565,229.6,3.734851566
4060348020_0,5989.1,168.8908562,0.001619942,609.3052436,308.3020028,0.289055912,1.539761852,1.562838772,4.753653058,3.041678479,0.339260987,21.45,1.300455235,292.575,7.084140436
4060348030_0,11136.9,216.4938099,0.005455996,814.7343378,409.3827103,0.471688694,1.851504333,1.984205295,4.733935731,2.385809443,0.351816444,20.925,1.32278481,269.475,5.640502355
4060361100_0,4237.5,715.3911339,0.023611751,376.0513973,197.8707596,0.382874095,1.780526745,2.610903455,12.12343459,4.64338678,0.404338425,17.0,1.239488117,226.65,3.77278402
4060362090_0,3509.2,741.4605293,0.01955707,432.2722015,224.1035347,0.386232418,1.907306205,3.01289931,11.72389107,3.891232287,0.397705146,15.875,1.253465347,214.65,3.390995261
4060362240_0,3336.3,150.432044,0.002840395,727.3328766,366.3346905,0.342149599,1.755613662,1.770669594,4.652740171,2.627672711,0.331045561,21.3,1.307219662,288.8,6.731934732
4060362250_0,4613.7,163.3773093,0.00567607,816.1156082,410.2447071,0.468980802,1.887353886,2.051425354,5.338343068,2.602260452,0.340232206,21.55,1.304545455,276.75,5.875796178
4060370560_0,4934.0,265.1186044,0.013479952,703.9628075,358.1316395,0.401277002,1.846933272,2.434768407,9.412777055,3.865984554,0.344034738,20.5,1.245426829,260.3,4.948669202
4060370730_0,1705.3,117.4192702,0.00531903,839.0859248,421.265021,0.483996897,1.921824841,2.193443853,4.722799901,2.15314374,0.325728402,21.575,1.30015083,278.0,5.94017094
4060378910_0,19236.6,2741.516255,0.067173226,195.0922546,107.7058558,0.148333004,0.781430255,1.68434534,1.753754044,1.04120812,0.567398335,13.925,1.257918552,222.425,4.486636409
4060389100_0,5330.6,207.9345271,0.006581962,677.6600505,343.0569918,0.328723663,1.74745769,1.460512437,5.001816244,3.424699523,0.331902822,21.1,1.285060976,296.125,7.449685535
4060389280_0,10135.2,166.2177597,0.008729542,764.6674702,386.3205736,0.409991745,1.874020421,2.145343397,5.576725241,2.599455755,0.324470354,21.225,1.312693498,272.775,5.763866878
4060392930_0,4485.2,2330.341512,0.061290049,170.1443876,100.1656488,0.087713938,0.556949029,1.096753237,2.532484071,2.309073715,0.424700256,13.775,1.224944321,258.35,5.546967257
4060393330_0,4407.3,2144.220734,0.05380859,171.7456093,103.0492185,0.078872004,0.505465636,1.047852436,3.018810751,2.880950263,0.39061312,11.725,1.24137931,255.5,5.728699552
4060394210_0,2186.7,2670.879753,0.078487783,164.1177694,100.2381206,0.075460343,0.495919109,1.998071231,1.771854916,0.886782657,0.553190019,10.35,1.218934911,208.7,4.93964497
4060414540_0,6196.6,99.1554543,0.007638155,820.7836218,413.4703202,0.461394358,2.036523425,1.81961685,5.314971232,2.920928784,0.295044715,20.25,1.274015748,290.55,6.897329377
4060414670_0,6606.2,93.05919414,0.004662836,818.6006335,411.5535329,0.4429043,1.951519042,1.85475612,5.042776155,2.718835161,0.301161103,20.85,1.267884323,285.55,6.515687393
4060419030_0,6755.3,1011.755701,0.032674436,587.5053947,294.6721259,0.366487068,2.037596087,1.751390909,8.800455411,5.024837896,0.382405108,20.15,1.251944012,276.125,6.148663697
4060419170_0,3785.3,920.5154896,0.03401924,631.286706,314.3428726,0.399271508,2.134829448,1.707821176,11.56474833,6.771638912,0.340051643,20.95,1.273972603,280.5,6.522093023
4060420910_0,2578.8,814.5735194,0.035124952,668.9262263,337.8701439,0.419297438,2.390164807,1.773137588,9.143476232,5.156664826,0.329773322,20.975,1.263951735,280.975,6.359366157
4060423090_0,15203.3,574.3677648,0.032577272,494.9927174,258.6624584,0.380612359,1.794677962,2.994713789,9.706422782,3.241185457,0.364880828,17.55,1.258992806,232.425,3.964605544
4060435200_0,13617.1,3053.796012,0.039886889,102.3507211,63.76917773,0.050048174,0.337817454,1.284659901,2.085570004,1.623441351,0.615066795,17.75,1.358237548,256.625,5.760381594
4060448840_0,17620.4,1440.938969,0.018538101,247.1987975,130.7580114,0.240703127,0.898298334,1.363260873,3.752362762,2.752490617,0.369481078,20.275,1.275590551,287.95,6.979393939
4060448990_0,20983.1,1307.715784,0.011855978,211.9808113,117.4145784,0.145508906,0.663046844,1.098369622,4.197633663,3.821694972,0.323563384,20.625,1.311111111,304.85,8.752333094
4060458870_0,1188.6,1118.151662,0.00929826,234.9589933,127.3992805,0.233813095,0.703144865,1.529927555,4.080708996,2.667256356,0.310283425,21.45,1.33592535,293.575,7.167887668
4060458880_0,5561.8,1358.797528,0.01812422,233.043927,124.286692,0.219169136,0.890475855,1.555178436,4.082833439,2.625315105,0.345336226,22.175,1.319465082,283.925,6.462720546
4060460860_0,9893.4,437.2961142,0.027639247,748.4879751,383.0326304,0.450957273,2.267139596,1.909756252,5.730591948,3.000692859,0.285735006,20.825,1.308176101,280.1,6.527972028
4060460870_0,6262.5,414.7516022,0.023668564,725.493261,372.3493969,0.413134005,2.513859551,1.767549481,5.266661959,2.979640466,0.282810558,19.9,1.272,285.25,6.60567458
4060479550_0,8737.2,375.458805,0.023876237,660.6968489,337.065436,0.504703534,2.010425506,1.717237497,6.488115572,3.778228453,0.250395172,20.65,1.303317536,280.4,6.84850336
4060479560_0,21008.4,641.0007819,0.028234908,639.1366818,323.9135898,0.442037861,1.986440568,1.77707328,7.629531903,4.29331305,0.315014164,20.575,1.288401254,274.975,6.502069781
4060483160_0,1663.1,10.42192348,0.000376253,751.8676961,382.7047933,0.579251012,2.112892513,1.748699118,5.790244065,3.311172292,0.179388448,21.325,1.344391785,295.7,7.70228013
4060486310_0,11516.9,3334.38985,0.048291629,197.8582524,100.6933548,0.169961198,0.824597012,1.834425892,2.117178216,1.154136684,0.591250431,15.525,1.220472441,226.175,4.860827512
4060486980_0,4780.7,28.33123202,0.000939128,633.8192765,323.7795913,0.744392142,1.660208157,1.658145196,5.912642011,3.565816809,0.126529108,20.625,1.380234506,291.4,7.549222798
4060487460_0,11422.6,512.744332,0.027561961,628.4774517,321.6519435,0.508508603,1.947788215,1.798909387,5.08655712,2.827578285,0.245885143,19.9,1.299019608,274.475,6.667679222
4060488910_0,3617.0,11.37327431,0.000404638,563.4311483,289.2893773,0.697101485,1.515636743,1.657359583,5.84276494,3.525345374,0.165201713,21.15,1.362903226,298.35,7.971943888
4060489140_0,1874.0,8.902340055,0.000235938,450.2661285,232.6399155,0.691354856,1.324293856,1.677852547,5.437007788,3.24045626,0.161414065,20.95,1.365415987,297.8,7.842001317
4060491290_0,3000.1,183.7474545,0.0133649,693.8111313,354.9418312,0.611979878,1.979434713,1.652563805,5.511651641,3.335212609,0.190319515,21.1,1.333860759,294.325,7.762532982
4060493260_0,2341.2,89.86186848,0.005966021,681.5415382,348.2415682,0.707115699,1.817193251,1.64417748,5.53598557,3.367024326,0.177986636,20.6,1.333873582,295.9,7.922356091
4060497290_0,1026.3,91.52661133,0.006254286,670.8583984,342.4844894,0.693763247,1.79884325,1.674591485,5.135269931,3.066580702,0.178390462,20.175,1.355218855,297.425,8.154215216
4060506690_0,8693.0,1243.19954,0.010103188,171.7901947,99.90822538,0.095950348,0.548758685,1.354903382,4.270722152,3.152049223,0.298813534,20.375,1.338815789,295.025,7.627020039
4060506700_0,21196.9,1304.223652,0.020607062,300.4654209,159.1172279,0.212970123,1.008525336,1.576072016,4.247924682,2.69526052,0.311551675,21.15,1.368336026,279.575,6.374572406
4060511660_0,5069.0,1200.976846,0.009553205,171.7032739,100.2007485,0.110443757,0.55148862,1.41586507,4.195577785,2.963261029,0.284331831,20.925,1.350565428,296.175,7.681582361
4060511750_0,1162.9,1111.860591,0.017571604,223.5465762,122.1629966,0.225940266,0.785947878,1.581178121,4.371654338,2.764808266,0.261356058,21.65,1.407467532,293.975,7.266378245
4060516600_0,3515.2,1266.432098,0.006241476,170.8470459,100.191555,0.077706213,0.547533289,1.23876494,4.284220122,3.45846091,0.27214254,21.525,1.348982786,302.35,8.220258328
4060516800_0,2748.2,1346.66444,0.010946061,173.8051169,99.97185135,0.133117711,0.556101869,1.492399873,4.111590974,2.755019649,0.267414577,21.575,1.335394127,288.85,6.884386174
4060517720_0,4672.4,1333.644947,0.004412069,170.3308721,99.59465289,0.059265229,0.561832479,1.127458556,4.314624047,3.826858224,0.286266063,20.75,1.330658106,306.05,8.656294201
4060517870_0,9403.1,1369.257331,0.007492212,172.968701,99.58912659,0.104557816,0.553745986,1.280479992,4.304902769,3.361944579,0.274302774,21.675,1.339506173,295.725,7.504441624
4060519260_0,12768.3,1298.325454,0.005615501,170.6980112,99.85266195,0.075171313,0.552156814,1.181976526,4.268193258,3.61106432,0.298750918,20.425,1.322528363,302.65,8.347586207
4060519310_0,2243.8,1183.045359,0.007669326,170.963342,100.2619807,0.122486166,0.546882146,1.364314369,4.199323057,3.077973194,0.258823529,21.475,1.376,299.95,7.88173456
4060529540_0,9877.1,1374.106793,0.031412929,492.9657941,252.2670676,0.335836851,1.67415141,1.796194891,4.323550388,2.407060842,0.308618959,20.975,1.4,267.9,5.872258772
4060529780_0,4310.2,1110.306033,0.023119831,526.5787704,270.317734,0.357518356,1.778519225,1.539331941,4.873197153,3.165787069,0.25682148,21.125,1.381342062,278.7,6.452229299
4060533700_0,3913.0,1173.72226,0.012617185,174.7008972,99.2718401,0.242092872,0.578857558,1.53274051,4.497853733,2.934517423,0.247787611,21.575,1.375796178,290.175,7.110906863
4060533710_0,2427.5,1076.235947,0.011737375,175.2646141,99.52170563,0.28381227,0.572202585,1.524346586,4.645688706,3.047659075,0.248259001,21.85,1.404494382,295.425,7.539885131
4060534180_0,14473.6,1760.92298,0.019915379,172.7225266,99.34711319,0.124660632,0.612424892,1.352277839,3.670740019,2.71448656,0.277212436,19.825,1.343485618,282.05,6.171225383
4060536060_0,1490.1,1146.555448,0.023129182,485.6706619,251.3879,0.371500571,1.878527398,1.497679508,5.556154886,3.709842364,0.226781542,21.275,1.366559486,285.875,6.715628672
4060537000_0,6608.7,1117.729276,0.018673194,246.8701177,132.879328,0.289481128,0.869930005,1.607066363,4.465130549,2.778435696,0.252159396,21.55,1.405537459,287.15,6.829863177
4060537130_0,4147.2,1228.957215,0.026729134,354.4100912,183.9804288,0.320340302,1.285020569,1.796450131,6.819000749,3.795819673,0.278698011,20.475,1.392190153,272.4,5.990649065
4060547230_0,4041.7,1240.538874,0.029637177,458.6269531,235.4811363,0.389317008,1.649428568,1.933073895,5.22218239,2.701491341,0.269667801,20.15,1.430851064,266.925,5.823786143
4060547240_0,3675.7,1078.512283,0.021643971,508.8988478,261.7523804,0.437454994,1.7460795,1.647529974,4.535595496,2.752966906,0.230080185,20.3,1.38869863,275.875,6.296803653
4060548260_0,2875.8,1078.657426,0.013210579,175.1796494,98.46329098,0.279401662,0.606596509,1.607025331,4.55237183,2.832794072,0.233058945,21.85,1.427406199,290.425,7.060790274
4060548370_0,2382.4,1049.372851,0.0204913,234.1090641,126.5094461,0.264370595,0.929723414,1.602748524,4.766674904,2.974062888,0.229795022,21.25,1.432659933,284.95,6.61404527
4060557350_0,2588.2,1564.757828,0.020726801,172.8696709,99.83509398,0.12754175,0.537146624,1.393598408,3.905949997,2.80278018,0.275773949,20.1,1.330578512,291.5,7.018663456
4060557630_0,2049.2,1614.074753,0.017318189,171.7746944,99.58869076,0.108296293,0.558160178,1.410656074,3.750861816,2.658948474,0.28049576,20.275,1.344370861,288.625,6.660703982
4060564070_0,10681.3,1949.682377,0.022504244,170.1940208,96.49834245,0.186206446,0.666168348,1.495512071,3.428538422,2.292551487,0.292109837,19.925,1.295454545,271.35,5.38560794
4060571560_0,13014.2,3149.745107,0.042180684,213.3248559,107.6981482,0.195138155,0.914708451,2.162094851,2.15578945,0.997083661,0.549248172,11.075,1.097014925,201.625,4.259904913
4060571960_0,15564.8,3057.38563,0.051576915,229.2237868,114.7645098,0.203278256,0.969344999,1.927678901,3.033310346,1.573555816,0.441820316,14.55,1.169014085,217.05,4.518479958
4060577480_0,9620.4,164.6108643,0.010749593,712.721583,363.610114,0.613383066,1.910148399,2.002830564,4.864582909,2.428853941,0.128874269,20.575,1.354200988,282.8,6.615204678
4060578830_0,1244.3,2122.231674,0.037320083,195.331377,105.7226496,0.210963067,0.833844067,1.402523347,3.400784606,2.424761494,0.27804775,20.7,1.2921875,270.375,5.565105507
4060578950_0,1909.6,3137.992584,0.028159806,168.0548795,83.34799321,0.150749902,0.783144719,1.267356036,3.206753358,2.530270317,0.371244935,21.425,1.295007564,274.275,6.669908815
4060579160_0,5088.3,90.26052401,0.003088488,713.8894925,364.0382273,0.738371522,1.814151439,1.817406274,5.88060414,3.235712468,0.085392763,21.625,1.391304348,289.875,7.648416887
4060579340_0,1173.2,3145.542816,0.028044394,174.2345657,85.96173573,0.159187556,0.801321624,1.250385745,2.999286324,2.398688834,0.335719298,21.825,1.274853801,279.4,6.716947115
4060579370_0,7972.5,186.1390157,0.00634224,692.3780609,353.3350937,0.690609698,1.813456816,1.973017157,5.643932603,2.860559313,0.076704545,21.325,1.36977492,282.55,7.175873016
4060582960_0,3070.9,1392.151268,0.01427472,239.0360599,129.5413659,0.208029182,1.082222173,1.739509956,4.211087082,2.420846783,0.246921628,21.075,1.367909238,279.4,6.38206739
4060583100_0,5961.4,1491.307274,0.016254081,183.3164635,102.2412307,0.168354153,0.804318081,1.68084815,4.105666501,2.44261595,0.252218088,20.95,1.366449511,279.7,6.35625
4060585650_0,25428.8,2957.398583,0.044706731,215.9924674,107.7826902,0.219790746,1.03673625,2.367225255,2.695637181,1.138732858,0.425718795,13.1,1.141921397,195.35,3.57410796
4060588530_0,8950.7,3241.228816,0.047977142,201.99356,99.42377369,0.188362585,0.946421052,1.632015896,3.014000026,1.846795753,0.401176878,16.725,1.210144928,238.125,4.996852046
4060588650_0,4955.1,3450.122757,0.049115907,217.1846075,105.8511982,0.211194508,1.041977763,2.560891974,2.261027909,0.882906398,0.510716515,12.75,1.136160714,199.375,4.087134803
4060589340_0,4992.4,2605.738888,0.058657463,233.5590682,119.4800093,0.204497832,0.998565864,1.983878863,2.996468831,1.510409172,0.372399445,16.8,1.22,223.5,4.200657895
4060589470_0,2906.6,3335.309013,0.033240659,192.6092553,93.65875125,0.187953862,0.913824739,1.730770004,2.995915004,1.73097234,0.444801117,18.125,1.190789474,242.85,5.22031166
4060589480_0,7198.9,2979.489215,0.050520294,233.999707,116.2815,0.221725057,1.073621971,2.531085138,2.708780155,1.070205073,0.449240331,12.375,1.143518519,191.15,3.828242364
4060594950_0,11213.6,1009.317431,0.026468538,401.6937091,209.5935438,0.363989206,1.712941117,1.852743005,4.627934419,2.497882548,0.190626344,21.1,1.40266223,267.925,5.942872989
4060595190_0,2052.5,791.5032463,0.026754853,435.1077404,225.4472375,0.418436131,1.898630699,1.847924956,4.421861173,2.39287919,0.167805233,20.925,1.361563518,270.575,5.866124661
4060598330_0,3994.5,3923.854579,0.041849915,183.6598412,89.67539104,0.16260063,0.793749388,1.908021919,2.133277269,1.118057003,0.615009613,15.0,1.151923077,230.375,5.197969543
4060603550_0,6539.8,4223.55993,0.047890482,193.5670811,97.24761343,0.163648419,0.831883439,1.85486505,1.835872598,0.989760737,0.636039495,13.95,1.116232465,228.65,4.671603677
4060603560_0,25936.7,3950.447853,0.041741638,206.6274352,101.2465016,0.199259267,0.981498669,2.226864841,2.44176341,1.096502745,0.544931112,12.825,1.142857143,213.425,4.415933782
4060603570_0,28483.5,1117.28351,0.01992696,379.165683,198.9998456,0.316039413,1.523553514,1.798111383,4.488898529,2.496451872,0.222855109,20.675,1.43902439,269.725,6.059550562
4060603740_0,3114.9,755.7803472,0.024076754,442.1887499,228.6063824,0.420657476,1.790147821,1.765445957,4.477792667,2.53635216,0.143995942,21.8,1.40483871,279.35,6.530683811
4060606020_0,5757.2,1292.120875,0.017804819,351.3852495,184.2407163,0.325930516,1.687126583,1.877763129,4.537131557,2.416242756,0.20874552,21.25,1.373786408,271.425,5.820911528
4060606120_0,14418.8,1516.154381,0.021037486,223.6616016,121.4496882,0.276081338,1.270823461,1.955354879,3.942550459,2.016283848,0.249982519,20.45,1.341543514,260.025,5.298013245
4060611660_0,4221.8,1279.378033,0.025611002,344.6665092,185.2982666,0.41287491,2.064948867,2.039828017,5.796121589,2.841475626,0.178646638,20.725,1.361842105,261.175,5.345957011
4060615290_0,13279.2,72.61438723,0.002836188,722.9887973,368.6834635,0.690589043,1.814406622,2.10310298,5.411322453,2.5730183,0.086661313,20.975,1.401337793,283.45,6.985828712
4060615410_0,14949.7,911.3894835,0.023741771,512.5854921,264.7129805,0.390412072,1.910928511,2.018503528,4.349052419,2.154592429,0.183782627,19.95,1.403169014,259.25,5.738793581
4060615420_0,8138.0,48.54554114,0.000523258,725.6784668,370.2047865,0.720845882,1.828396209,2.191269643,5.550806138,2.533146095,0.069376933,21.6,1.389694042,282.8,6.901769372
4060620090_0,13168.8,633.0072645,0.025839886,526.5707262,270.7078066,0.491526601,1.89272696,2.159452847,4.476441029,2.072951505,0.13296968,20.425,1.406896552,259.3,5.582346609
4060620160_0,18910.6,730.0570844,0.031755863,558.5507908,285.3010931,0.495825013,1.98748477,2.371718468,4.399480756,1.854975966,0.124523507,19.85,1.431407942,247.075,5.160835509
4060621070_0,5647.3,4558.609064,0.021109689,203.5316025,98.62251682,0.186572758,0.869725604,1.863885749,1.665164227,0.893383206,0.684203306,12.475,1.171764706,218.05,4.198844487
4060625230_0,10713.7,1855.565927,0.026367392,209.7443481,112.6716288,0.281895017,1.201237815,1.980019189,3.41770423,1.726096519,0.279335049,19.325,1.287145242,250.375,4.484549933
4060625490_0,12643.3,2162.014816,0.034314677,206.418044,108.8918878,0.261257311,1.176307313,2.100087778,3.128116152,1.489516859,0.312469909,17.2,1.247272727,229.775,3.775677896
4060625500_0,27259.2,1188.071555,0.016858223,370.9982615,195.4884933,0.343802341,1.554955477,1.823267971,4.663379064,2.557703606,0.21446243,20.825,1.405405405,264.6,5.75734494
4060625570_0,34612.5,4711.042665,0.023017317,180.3002372,88.79722063,0.15515046,0.752429837,1.674691144,2.364186837,1.411715137,0.664951636,10.575,1.209169054,222.8,5.197084548
4060625630_0,4921.8,706.3004646,0.022354321,544.6804423,279.9003406,0.590495145,1.970351665,2.073684499,4.771456164,2.300955698,0.08462303,21.15,1.371753247,264.175,5.595868644
4060627250_0,7777.0,638.6827583,0.022361898,453.8044052,235.0312406,0.494761266,1.830920536,1.704970832,4.744853862,2.7829531,0.106613455,21.8,1.40257649,283.375,6.807807808
4060628280_0,6376.1,4478.69848,0.019120975,201.6386099,98.78574142,0.17910973,0.859529023,1.957362516,1.724017893,0.8807862,0.668403373,13.15,1.164444444,217.525,4.148783977
4060629590_0,4547.9,918.1426086,0.018812501,479.0017776,247.786129,0.518455708,1.982500279,1.947080689,4.575257882,2.349803944,0.132669151,20.85,1.345718901,266.1,5.621764395
4060631880_0,6440.6,1029.859514,0.02027601,431.5008524,224.3098736,0.488460731,1.965700107,1.984082392,4.334389361,2.184581336,0.145076243,20.45,1.348184818,262.7,5.506813417
4060631960_0,28426.8,1267.022569,0.037873961,462.9072642,241.2903242,0.467474504,1.947289413,2.791186051,5.188487136,1.858882583,0.165874819,17.925,1.36121673,219.45,4.12841016
4060638740_0,1627.7,9.704442367,0.000598707,719.7869091,367.2915049,0.723117157,1.975455035,2.746422383,5.007373622,1.823235076,0.065552134,21.6,1.396440129,269.55,5.924175824
4060638900_0,2666.8,6.708844393,0.000402479,720.4363022,367.4919567,0.715395883,2.027307449,2.84903225,4.975054972,1.746226274,0.061946903,21.775,1.3964687,266.425,5.668617021
4060641680_0,5943.4,106.562285,0.006417514,721.9116244,369.1334372,0.586009915,1.964579968,2.323686869,4.82584548,2.076805418,0.108761547,21.775,1.375,274.2,6.172200338
4060641860_0,12497.9,163.7068764,0.009977928,713.1024302,364.4577479,0.561608411,1.976470506,2.309246398,4.813190617,2.084312277,0.118994454,21.925,1.386075949,273.6,6.200566572
4060642010_0,13562.5,66.85241137,0.004056214,718.4366946,366.7947319,0.618967008,1.872005532,2.460923154,5.012456221,2.036819481,0.07591623,22.275,1.401574803,274.5,6.361529548
4060642530_0,19205.6,4906.427262,0.01926813,139.5132276,69.13199183,0.111969064,0.578705667,1.558124297,2.434476016,1.562440186,0.701366477,12.05,1.190594059,235.025,6.238885202
4060642770_0,31017.5,4904.493882,0.023766018,181.0297109,88.91859088,0.158207068,0.752080551,1.772760156,2.291388386,1.292554088,0.689692982,10.625,1.214899713,218.15,5.583493282
4060646320_0,7670.4,3539.51554,0.026352521,248.0408037,121.4156195,0.248342078,1.187064475,2.530456393,2.60833984,1.030778419,0.475588821,11.375,1.135,192.4,3.547717842
4060646500_0,2627.3,3525.513438,0.012582465,270.1856855,132.8369719,0.254584849,1.196906779,2.409213331,2.638098491,1.095004106,0.461978234,14.45,1.160320641,211.4,3.908922792
4060654030_0,5256.8,410.4009327,0.023640842,658.1925943,334.4270881,0.569062372,1.915809221,2.309566277,4.711062412,2.039803949,0.080511825,21.375,1.416252073,263.275,5.959818902
4060654220_0,3575.0,335.4219352,0.020743416,650.7165816,330.8847194,0.573156886,1.937154147,2.523826186,4.742355154,1.879033976,0.064537111,21.6,1.4359401,263.075,6.023468804
4060656140_0,6942.4,137.5290311,0.005951963,712.1086971,363.4618658,0.731372955,1.889977926,2.302075748,5.385369178,2.339353595,0.056636781,21.9,1.420454545,272.775,6.549219688
4060656150_0,6078.6,118.3005706,0.004444223,714.5666021,364.6182576,0.746642941,1.873170527,2.170779482,5.535813803,2.550150233,0.061276658,22.25,1.408874802,277.6,6.78313989
4060656290_0,3883.3,106.4607532,0.004849591,696.9674988,356.5986154,0.710669493,2.063739394,2.521539885,5.180284901,2.05441323,0.048343451,21.575,1.463497453,269.05,6.271561772
4060660740_0,40704.3,4159.666598,0.035810302,208.414286,102.6925101,0.196714592,0.976916896,2.360913988,1.921851617,0.814028646,0.607421608,7.925,1.116607774,195.225,4.124669836
4060660750_0,5492.0,3735.643225,0.038154733,239.7083557,117.7485855,0.245730181,1.200012896,2.74872183,2.427906443,0.883285612,0.495235484,9.65,1.066666667,186.05,3.4868791
4060667920_0,9853.7,25.85802041,0.001165128,726.480983,370.4805195,0.652978138,1.975054664,2.823416493,4.987682932,1.766541686,0.053968024,21.525,1.419141914,263.6,5.91694725
4060668010_0,6108.1,47.11044817,0.004140771,764.2540909,387.7348644,0.548546493,2.002545584,3.157042484,4.633172102,1.467567233,0.038533699,20.875,1.378512397,250.675,5.233298539
4060670370_0,13146.2,34.39145309,0.001031819,726.4660599,370.5393629,0.682488411,1.969473311,2.63761942,5.166137794,1.958636548,0.053443406,21.775,1.431630972,266.15,5.934225195
4060670500_0,3124.5,31.47922873,0.001931635,747.4723167,380.2235584,0.600493179,1.931058755,3.042427269,4.818870456,1.583890108,0.04115887,20.625,1.380234506,258.7,5.504255319
4060670890_0,3898.3,1322.201334,0.055131232,531.6850977,275.7843075,0.442430563,1.976805739,3.785852185,5.270677477,1.392203715,0.18054211,15.05,1.431980907,182.4,3.093723494
4060671040_0,4612.8,1208.816315,0.055220059,447.9880524,237.6711807,0.40781441,2.169091384,3.873640106,3.466310733,0.89484584,0.087172414,14.575,1.493573265,175.85,3.045474231
4060675920_0,15266.6,43.38308305,0.000662888,726.4514738,370.5395779,0.735275913,1.995310637,2.384064181,5.424600909,2.275358588,0.055202312,22.075,1.448275862,269.05,6.31202346
4060676030_0,16629.1,51.14863341,0.002641963,729.1987085,371.5585426,0.669003671,2.009359745,2.901285304,4.91066155,1.692581403,0.038423011,21.1,1.454231434,248.9,5.381621622
4060676710_0,6330.7,44.53601658,0.000295494,728.7379396,371.7245089,0.790922359,2.070597581,2.651004747,5.288725042,1.994988899,0.044561327,21.275,1.45626072,268.35,6.133714286
4060676890_0,4068.0,43.24536716,0.000415354,727.0390494,370.9903964,0.773801294,2.165100354,2.777731802,5.198133913,1.871359182,0.039956092,21.375,1.473229706,265.525,5.943480694
4060678440_0,5651.2,1011.853905,0.051246795,485.1904968,252.3508181,0.42823206,2.342579654,2.820509173,4.878280312,1.729574347,0.122521891,18.125,1.371916509,224.875,4.157116451
4060678630_0,2716.5,787.2475382,0.049850376,447.0123189,236.455389,0.430969912,2.420882212,2.81178866,4.712099784,1.675837111,0.069390631,19.0,1.378181818,228.4,4.19816092
4060679720_0,6336.6,1206.962265,0.063165198,530.0453095,275.1589639,0.43624268,2.063978357,3.296225439,5.061785078,1.53563073,0.121827411,16.325,1.432967033,207.175,3.673170732
4060679920_0,10785.4,1027.278895,0.063210864,476.2536067,249.5682472,0.444153657,2.191728356,3.599269732,4.470582176,1.242080341,0.068509201,15.925,1.371490281,196.85,3.344095157
4060680220_0,16943.2,2834.631408,0.071519658,268.4964455,136.0865389,0.259852901,1.40379605,2.671774808,2.624354965,0.982251557,0.36633799,11.175,1.202156334,175.025,3.004291845
4060680470_0,8331.6,2726.151876,0.102324184,337.6189047,170.3628411,0.276089458,1.50379392,3.127894061,2.600138793,0.831274571,0.37260274,9.75,1.168168168,153.475,2.836414048
4060680810_0,4207.8,729.5009094,0.043151218,529.5121017,273.0827583,0.440264266,2.414292049,2.816148838,4.652384941,1.652038017,0.067182554,20.2,1.394463668,231.5,4.4348659
4060681060_0,12477.5,1030.356171,0.064638586,571.010039,291.699803,0.447541079,2.076562632,3.720538695,3.574442161,0.960732424,0.090463704,15.175,1.286624204,190.325,3.222175201
4060687330_0,16148.9,803.3610285,0.039822559,555.4821672,283.4675955,0.446860983,2.292839804,2.670203401,4.172193183,1.562500138,0.095888492,18.7,1.378927911,231.525,4.623564653
4060687420_0,4553.1,499.7930069,0.032667311,673.1427479,338.9966335,0.443125405,2.398078905,2.730932656,3.890055063,1.424441959,0.043106494,20.25,1.37414966,239.7,4.744186047
4060688400_0,18312.4,1199.226961,0.060188309,488.408782,256.2700363,0.430306914,2.116588542,3.853785654,4.767958202,1.237214166,0.084903066,15.8,1.542787286,185.675,3.239965096
4060688510_0,4902.5,1107.855224,0.070656397,479.4613551,250.565101,0.449869654,2.128329879,4.718926839,4.291190014,0.909357182,0.110200427,14.15,1.388206388,167.1,2.764997931
4060688870_0,6780.5,198.7606319,0.018602129,716.8215453,364.5909878,0.553166805,2.004856028,3.671374487,4.387572659,1.195076306,0.040134497,20.0,1.3847487,230.85,4.589463221
4060689010_0,2409.2,108.6845411,0.009140773,704.4346352,359.077198,0.588724222,1.911745322,3.264087145,4.785479077,1.46610028,0.035458427,20.475,1.384094755,246.75,5.111341274
4060689020_0,2005.4,28.75683721,0.000626171,734.0311597,374.0490564,0.6623851,2.017926945,2.960184305,4.892540895,1.652782527,0.036379639,21.55,1.420792079,261.05,5.647376961
4060690330_0,7125.2,67.55811279,0.004650402,722.6945376,368.1610496,0.627135797,1.970102256,3.094773445,4.687958342,1.514798555,0.032971769,20.425,1.399656947,246.375,5.19778481
4060690450_0,6720.4,219.1131413,0.020163619,724.4416239,367.1668228,0.531488241,2.096461904,3.895669359,4.17660387,1.072114568,0.044207534,18.375,1.315412186,214.825,4.173385138
4060691530_0,13132.7,78.95442102,0.003400469,695.2850496,355.7435808,0.70810617,2.144245446,2.817497887,4.874088191,1.729934994,0.04191963,21.225,1.462068966,261.575,5.868199663
4060693040_0,6987.9,1475.421211,0.080009266,613.8263535,310.4709862,0.393373193,2.156833388,3.719374024,4.519906201,1.21523304,0.063395244,15.5,1.609375,179.225,3.018105263
4060693050_0,28249.4,1499.826903,0.057654188,427.0852988,224.134021,0.37642736,1.991045698,2.909911982,4.304713185,1.479327626,0.170723346,14.95,1.427207637,192.8,3.223662207
4060693490_0,13098.3,139.3758456,0.010804377,655.1335013,335.60776,0.570810702,2.023319074,3.171553283,4.601123301,1.450747596,0.037558348,20.55,1.401709402,249.175,5.295961743
4060693500_0,2339.6,138.695972,0.012303243,687.0054283,350.1294212,0.577602889,2.002566616,3.523887281,4.620227976,1.311116846,0.034992393,20.875,1.399328859,243.975,4.961362481
4060694190_0,17568.4,29.66005442,0.001331891,720.3986006,368.06056,0.658644707,1.964279863,2.929613504,4.722637806,1.61203442,0.045865679,20.925,1.422487223,245.6,5.181434599
4060694350_0,2102.1,16.87497768,0.002605175,712.3841476,363.1282768,0.666187245,2.051746119,3.54884279,4.525791359,1.275286516,0.029381966,20.125,1.365025467,242.9,4.718795532
4060696170_0,8138.7,38.07013948,0.004571654,735.6243417,374.0540461,0.568377493,2.029690289,3.39452869,4.70151905,1.38502852,0.032016692,20.05,1.357627119,243.55,4.863704443
4060696300_0,4966.4,29.27706099,0.004686688,706.668573,360.2375122,0.591305832,2.067017095,3.665569122,4.548622839,1.240904942,0.028612613,20.025,1.342281879,240.15,4.64282262
4060704410_0,11720.5,572.1621355,0.035287504,638.2931768,318.6111752,0.490035343,2.153155603,3.162785564,3.924800073,1.240931449,0.057762985,17.825,1.362068966,220.7,4.144600939
4060704560_0,24051.3,214.1510171,0.012284718,650.983454,331.7676096,0.556020691,1.95677407,2.71079546,4.617589726,1.70340765,0.039272573,21.425,1.451612903,251.225,5.50630137
4060705050_0,12878.4,4476.626167,0.059063514,208.1248766,103.3181277,0.191382112,0.952338513,2.405361933,1.84372155,0.766504834,0.60676388,6.625,1.123931624,187.3,4.35718441
4060705180_0,19111.8,4686.477596,0.047585866,204.3890806,103.2280457,0.185717303,0.904650928,2.167902543,1.722390554,0.794496302,0.644099124,8.375,1.1886121,196.825,4.434929577
4060709860_0,23200.7,3954.923758,0.05419735,231.2024065,112.8703131,0.234149893,1.199880913,2.930259052,2.321005166,0.792081903,0.525364551,5.875,1.030837004,175.925,3.883002208
4060710060_0,16025.3,4115.61114,0.05965849,221.9684163,108.2977682,0.224060848,1.149346861,3.120475536,2.212196234,0.708929203,0.540325893,5.325,1.034146341,172.8,3.990184758
4060713110_0,18828.6,190.4584248,0.021164083,691.6108325,348.6802379,0.550627135,2.999737476,4.549779425,4.37123207,0.960756921,0.026642233,17.025,1.321011673,207.475,3.946267237
4060718180_0,13938.4,4845.317049,0.04236291,202.8686763,102.3387402,0.185685943,0.891748325,2.344259238,1.345224618,0.573837823,0.685432505,7.825,1.196153846,190.525,4.193725922
4060718400_0,29242.9,4862.935031,0.034979236,198.3673399,98.48957014,0.178391127,0.862472132,2.392395403,2.0280642,0.847712798,0.639457646,6.325,1.183098592,188.25,4.638940234
4060720570_0,12476.7,73.84338222,0.008294684,703.2660549,357.1537008,0.556302364,2.132590554,3.750425648,4.38809045,1.170024648,0.02463368,19.05,1.335087719,229.45,4.557100298
4060720580_0,14981.5,150.6774603,0.018108795,632.2967349,319.8958718,0.525784869,2.58371876,4.419252487,4.230980758,0.957397381,0.021795683,18.975,1.344582593,216.15,4.201166181
4060730280_0,16904.0,4599.516305,0.06193526,207.4625567,107.089943,0.188594635,0.941913962,2.201807586,1.883115283,0.855258786,0.630296393,8.35,1.15625,197.6,4.683056872
4060730290_0,4719.1,4337.449585,0.064703659,217.4975271,106.2393408,0.207317961,1.02402939,2.464715407,2.504449982,1.016121364,0.540590532,9.5,1.21474359,195.025,4.567330211
4060732480_0,4408.1,1093.243382,0.085167272,492.5912735,250.9963051,0.426510697,1.861242499,4.240220043,3.155807137,0.744255512,0.06246122,14.725,1.361111111,174.25,2.891331398
4060732820_0,11578.5,948.4050602,0.062432779,582.0851978,298.6364851,0.467573636,1.933650226,4.607503219,3.139567596,0.681403234,0.015058791,15.025,1.310043668,168.3,2.865106383
4060736820_0,9737.7,699.0631348,0.04304324,682.3971415,348.4159902,0.53917109,2.260096272,4.422378562,3.009895337,0.680605537,0.001649938,13.65,1.174568966,166.3,2.867672414
4060736830_0,5165.6,703.8188324,0.055681131,525.873394,274.2338984,0.498165961,2.153379519,4.707133976,3.050055379,0.647964429,0.003100028,16.75,1.338,177.0,3.004242681
4060738860_0,8182.3,3807.721883,0.110642997,302.5125372,151.7807313,0.303159391,2.028991764,3.53395223,3.614868879,1.022896928,0.445,5.8,1.05,158.4,3.554994388
4060738870_0,5258.3,3782.377879,0.115526902,305.3100303,154.6193414,0.305403267,2.131600738,2.990251215,3.320332136,1.110385683,0.458418962,7.95,1.116197183,166.85,3.573340471
4060744360_0,19461.8,129.5725838,0.009954742,575.0484403,296.5821371,0.492366534,2.026195139,3.573144887,4.481241718,1.254144979,0.022727273,19.475,1.362521891,236.275,4.829330608
4060744670_0,14961.3,174.4799751,0.011766801,595.4955294,303.0689042,0.506541176,2.101213401,3.461554508,4.423110173,1.27778146,0.021790919,18.975,1.358422939,227.0,4.616166751
4060745580_0,1256.3,4279.692627,0.083123934,224.7237549,111.2101936,0.213640736,1.102171905,2.325230407,2.961065104,1.27345019,0.480901347,13.625,1.295238095,213.05,5.063576946
4060745590_0,6443.8,4347.909756,0.075255726,214.9404445,105.7998579,0.204634289,1.035354249,2.549414408,2.863497729,1.123198222,0.514583762,10.4,1.265243902,201.775,5.286182056
4060746500_0,7262.5,4476.194214,0.075670685,209.5658538,106.613704,0.189683056,0.972614808,2.320636104,2.076607902,0.894844262,0.60898138,10.05,1.226299694,200.6,4.74852071
4060748310_0,22235.0,74.24867349,0.006593557,582.212056,299.0570082,0.515283939,1.985049418,4.413791098,4.28842242,0.971596146,0.01024202,18.125,1.409356725,209.7,4.255707763
4060748320_0,7315.9,74.49404991,0.007187255,528.5004875,274.7543812,0.491011962,1.892254595,4.138128935,4.339523548,1.048668037,0.017157564,19.875,1.39543058,232.675,4.688664987
4060748330_0,4530.8,143.7377298,0.016051357,595.1720276,306.1721283,0.494677179,2.132628504,4.103110647,4.346375389,1.059287882,0.020237414,19.775,1.388400703,231.35,4.615461347
4060750050_0,5638.5,260.706407,0.02722116,618.4895253,313.6274653,0.482661276,2.4678569,4.806957431,4.128074977,0.858770862,0.023594236,18.35,1.348066298,210.85,4.07046332
4060750160_0,9011.5,128.141447,0.017651327,555.7410183,282.4591777,0.472760213,2.427206476,4.865008531,4.009347247,0.824119263,0.010545557,19.4,1.377896613,216.725,4.249509804
4060750870_0,4798.0,4970.382468,0.047194771,199.7988678,103.1364012,0.16961393,0.883427214,2.421120993,1.68267708,0.69499917,0.670348518,8.075,1.12195122,185.15,4.315268065
4060751020_0,2312.3,5062.69165,0.052896547,195.6798134,102.3980885,0.158429894,0.864421987,2.457604178,1.595063889,0.649032055,0.673783209,7.025,1.142857143,182.1,4.211683054
4060751770_0,2219.1,5015.914612,0.055473074,198.1328602,100.3497276,0.166433503,0.850786273,2.267154998,1.973460909,0.870456987,0.642217631,10.825,1.180821918,190.2,4.413813117
4060751920_0,1402.3,5031.407532,0.061210645,193.5397673,99.70402145,0.157456734,0.843581188,2.281310135,1.947024512,0.853467699,0.650905086,7.5,1.136882129,185.25,4.300058038
4060752520_0,3232.3,90.96462423,0.013961362,469.6006098,240.1364651,0.461579767,1.94250616,4.311379371,3.897997114,0.904118329,0.008618847,18.225,1.334558824,222.05,4.32635168
4060752740_0,13357.8,931.0435045,0.067910431,573.8598095,284.8758018,0.45024974,2.04871406,4.117399177,3.040746354,0.73851143,0.051707519,15.175,1.355704698,183.85,3.30814215
4060752770_0,3318.5,257.8701336,0.02900443,620.1858253,316.9962153,0.479520362,2.358484199,4.526215876,4.011958133,0.886382409,0.019291002,19.8,1.40248227,222.225,4.402674591
4060752870_0,16944.1,928.2120169,0.057066994,643.7425537,325.5354353,0.442052002,1.880364452,5.024175041,2.979891266,0.593110559,0.049251271,12.975,1.295,153.6,2.843981481
4060756820_0,7324.8,468.3528211,0.033139957,565.9150897,279.9165891,0.479644952,2.225779072,3.400600493,3.892382776,1.144616306,0.032078491,17.775,1.374757282,221.175,4.247239558
4060756940_0,2075.6,145.49547,0.01145576,549.9359334,283.1750094,0.490102615,2.071819201,3.848644547,3.772417133,0.980193699,0.011190878,18.175,1.357009346,224.9,4.356416465
4060758850_0,19216.8,4240.316102,0.062334887,236.7390178,118.1655969,0.223784553,1.248594808,2.925827953,2.587874772,0.884493146,0.533885542,4.2,1.084415584,171.025,4.348378894
4060758990_0,44258.2,4343.980839,0.059210852,220.6314881,109.7832964,0.205670107,1.087793539,2.517115836,2.266394415,0.900393372,0.592716818,2.9,1.08490566,174.1,4.545039164
4060759490_0,3909.3,4927.878613,0.06232721,194.7264061,97.725741,0.170714927,0.815393182,2.418213329,2.303593822,0.952601573,0.58736929,8.95,1.182724252,186.125,4.926538716
4060759500_0,1333.6,4889.901031,0.071288668,199.5221863,99.34770298,0.174470422,0.863892391,2.35894312,2.298435737,0.974349792,0.598002755,7.9,1.175373134,184.8,4.517726161
4060761880_0,2778.5,247.2949549,0.032393516,693.4099053,348.0954259,0.540896636,3.694916139,4.746908457,4.452556853,0.937990883,0.01800466,16.875,1.361616162,204.175,3.739468864
4060761890_0,3543.2,194.9268341,0.026702727,687.3754692,345.5364583,0.542169961,3.54553592,4.474577644,4.567370406,1.02073777,0.015509341,17.15,1.324951644,207.55,3.817011494
4060764320_0,21360.9,623.3430371,0.027459565,680.4157335,347.737968,0.531125076,2.449870065,3.919180849,3.863320789,0.985747006,0.001783877,16.025,1.502347418,180.625,3.219251337
4060764560_0,38915.9,795.3710275,0.047854286,583.7353613,302.2922368,0.48746132,2.267693522,4.545822936,3.527027027,0.775883064,0.00822876,15.15,1.417840376,167.375,2.942417582
4060765990_0,36002.5,934.969089,0.03758174,676.0864339,342.6668652,0.531335499,2.291994694,3.644911978,3.331617656,0.914046121,0.014785406,11.35,1.398148148,141.075,2.866869919
4060767740_0,3696.4,5157.244232,0.040560273,115.6464576,60.56916344,0.071832837,0.425478399,1.178337637,2.411543584,2.046564166,0.675049955,18.825,1.788095238,265.225,9.129948365
4060769140_0,7618.4,174.6999077,0.021696304,541.7341156,277.9389389,0.468803411,2.261017844,4.488130624,3.908313491,0.870810994,0.011684381,18.825,1.359855335,215.4,4.254814815
4060769230_0,28908.9,4431.664773,0.111226724,219.0664143,120.4270998,0.194491948,1.150119344,4.136350549,1.023095134,0.247342463,0.623066393,1.3,1.162790698,98.85,2.917343173
4060769470_0,2155.1,3845.982269,0.132919569,293.5707124,156.9962924,0.26395642,1.824364535,8.560026625,1.858745843,0.217142531,0.446710932,3.675,1.216666667,70.275,2.636022514
4060769560_0,5258.5,166.9906887,0.024597275,540.0969035,271.8516233,0.466240996,2.38830858,4.834146139,3.783765683,0.782716445,0.015175042,17.15,1.298479087,202.625,3.909792571
4060771880_0,3429.7,352.8622093,0.038617723,695.3238678,347.9189301,0.535556871,3.842286178,5.073702626,4.257532755,0.839137228,0.030423093,15.575,1.3412527,196.1,3.665420561
4060773130_0,2322.9,120.6759007,0.019078296,588.8357449,296.6914959,0.482878514,2.467089429,4.769905145,3.970220062,0.832347802,0.009265153,18.225,1.364661654,210.35,4.037428023
4060773260_0,1070.7,57.51263285,0.009601717,634.3241844,321.1922112,0.484291231,2.376899965,5.104238719,3.928365984,0.769628186,0.007336705,18.7,1.339928058,213.65,4.100767754
4060774560_0,11137.3,562.4063178,0.036499897,767.5867314,386.7833995,0.5684242,2.452033477,4.158044603,3.059776785,0.735869159,0.000275255,14.75,1.21443299,175.15,3.033333333
4060774570_0,4290.6,788.9451733,0.051652477,761.5143423,384.5325074,0.541896688,2.404093253,4.510243189,2.992061941,0.663392597,0.010391577,12.75,1.131111111,156.025,2.695164076
4060778530_0,3869.3,5068.4229,0.040400612,144.9166767,74.71713982,0.103073952,0.533617478,1.297249809,2.727939339,2.102863549,0.642265193,20.825,1.901601831,265.325,9.854224698
4060778570_0,4977.8,4960.09549,0.069592091,185.9358683,94.46020842,0.159590344,0.763130652,2.390706367,2.750757974,1.150604697,0.570258176,7.225,1.129411765,196.85,5.808118081
4060778660_0,2227.0,4940.383077,0.041719238,145.7149757,76.96640666,0.102669409,0.51088545,1.393369982,2.992021702,2.147327515,0.603533079,21.8,1.862955032,263.475,11.41820152
4060778700_0,10814.2,4737.893978,0.073487681,204.708054,101.6211024,0.186304199,0.926304587,2.467590526,2.677754106,1.085169552,0.545005827,5.325,1.139784946,180.675,4.816666667
4060779600_0,2358.1,353.253226,0.024416354,753.4919179,378.4450658,0.590207436,2.419900966,3.771628979,3.280675121,0.869829758,0.000138552,15.45,1.216962525,188.575,3.085480573
4060779690_0,1260.1,363.134901,0.024874378,792.665184,397.3334885,0.600138387,2.482693549,3.647714831,3.244647186,0.889501328,0.000138581,15.025,1.204819277,188.3,3.019238477
4060779790_0,12932.7,1695.917277,0.080576581,476.4674978,243.3725211,0.365884726,1.904750922,4.985455983,3.007785846,0.603312085,0.127652293,8.85,1.20890411,72.425,1.912813738
4060780100_0,24561.5,2441.706707,0.101061721,416.0996389,212.6491343,0.33571405,1.985405117,5.104621459,2.698383522,0.528615793,0.248049281,4.6,1.158227848,69.45,2.20222046
4060780120_0,33946.2,2278.325929,0.076832202,431.8757251,220.1966697,0.367849117,1.784784847,3.623863417,2.505681393,0.691439247,0.28973306,7.125,1.267857143,110.275,2.771213074
4060780770_0,7900.0,354.568739,0.034976802,684.7781394,342.5064065,0.555855868,3.800274133,5.181120727,4.81735656,0.929790448,0.0224608,17.15,1.362549801,201.05,3.888781431
4060780930_0,1890.6,356.2983475,0.035587644,698.9942525,350.8115298,0.543092399,3.72301905,5.39505104,4.264753303,0.790493597,0.015796215,17.2,1.368525896,198.025,3.799040767
4060780940_0,1912.3,233.030688,0.027418539,692.5902735,349.3768361,0.528097853,3.284895613,4.948870105,4.351708864,0.879333822,0.012794086,17.15,1.356435644,203.85,3.868121442
4060781040_0,19496.4,379.9820743,0.038021796,683.9531682,343.1524443,0.558460575,3.59797324,5.118015292,4.996032213,0.976165941,0.013953813,16.075,1.365957447,185.675,3.7265429
4060783120_0,3925.2,38.59782343,0.001626827,628.3138171,323.3770462,0.532891884,1.902733708,4.254767866,4.305590075,1.011944767,0.009012206,18.5,1.39245283,218.925,4.356716418
4060783330_0,6993.3,84.00901973,0.008023413,578.2685092,296.4559323,0.472873631,1.963872704,4.720428148,4.296201537,0.910129633,0.007858963,18.375,1.391634981,209.45,4.19739479
4060783910_0,17928.6,4711.609128,0.096871078,208.8893035,112.8287141,0.183701522,1.048265361,3.381394435,1.568444859,0.463845579,0.60807666,2.325,1.069767442,132.6,3.441271901
4060783960_0,2030.7,107.760752,0.016484772,642.4320908,323.9086202,0.490793361,2.690411286,4.706223289,4.268373164,0.906963589,0.008053691,17.675,1.336501901,209.8,4.048239267
4060783970_0,1841.6,31.61467282,0.004900545,637.5655924,323.3712362,0.468805386,2.339352376,5.346151453,4.3678063,0.817000105,0.003396307,18.2,1.324817518,209.775,4.233602422
4060784050_0,7864.0,4100.887899,0.082084534,356.067519,185.3725058,0.294867132,2.33703474,3.394378347,5.078311409,1.496094687,0.430216616,7.9,1.097560976,171.425,4.5
4060784170_0,27635.3,4379.597352,0.088960985,230.249253,119.3340353,0.204873479,1.233220202,3.394957625,2.678286621,0.78890134,0.51724846,3.225,1.163636364,125.85,3.587312901
4060784200_0,5869.0,4108.736108,0.100212807,338.2945236,179.2060265,0.285047879,2.230731797,3.259841353,3.220165091,0.987828775,0.442845395,7.2,1.103846154,159.45,4.104890605
4060784890_0,20256.6,5115.335063,0.05579635,143.158033,75.34829149,0.0921285,0.465061282,1.672775312,3.18818314,1.905924314,0.592821357,16.65,1.646039604,246.225,11.725
4060785160_0,12286.5,4859.473999,0.061991176,141.1431484,74.39778035,0.092469024,0.457962338,1.800534955,3.420013913,1.89944322,0.544494721,17.75,1.704326923,244.625,12.05049261
4060786650_0,5153.9,4778.052612,0.074706989,188.7632275,95.51277113,0.161373382,0.78722081,2.122249614,3.253061355,1.532836351,0.514631131,9.925,1.281553398,213.925,6.572196621
4060786990_0,7427.8,5020.491473,0.06006922,180.3271852,92.01855339,0.139894159,0.661797681,1.866472414,3.082188383,1.651344194,0.57967907,11.8,1.223376623,220.075,6.87197502
4060787180_0,2983.2,4757.653595,0.067888156,171.6750083,89.07762253,0.128435565,0.601177565,1.856982034,3.588770934,1.932582474,0.455922195,18.775,1.637554585,249.575,12.46317104
4060787380_0,5771.7,5293.667877,0.050576227,121.0226634,63.77613163,0.072351792,0.3973947,1.59556684,2.652040545,1.662130648,0.657480586,16.7,1.58056872,247.075,8.669298246
4060787520_0,5467.7,4666.132336,0.058971927,152.8911385,80.15507126,0.109735023,0.55316966,2.394738579,3.624386039,1.513478787,0.502533899,16.55,1.285992218,225.925,9.202647658
4060787530_0,3658.4,4728.805664,0.064003003,177.2972183,92.07391739,0.135910632,0.637797561,2.00568214,3.415247953,1.702786242,0.480150964,15.175,1.515,236.55,10.24025974
4060788280_0,3752.1,4731.456665,0.074622735,187.4777946,94.41808128,0.154355568,0.734892541,1.71757413,3.432983121,1.99873942,0.473257253,14.925,1.436144578,234.2,6.918759232
4060788450_0,4852.1,503.9405045,0.029218679,778.0299469,391.4368073,0.542671173,2.677211086,3.71969152,3.326763007,0.894365296,0.000206654,12.875,1.176201373,166.55,2.712947883
4060788460_0,7100.6,781.6078938,0.045648368,775.8499619,391.3306774,0.495613894,2.487817058,4.414679709,2.948537645,0.667893899,0.00543553,10.475,1.127027027,144.225,2.534505495
4060789820_0,11987.3,890.1872803,0.051950594,790.7944825,400.0585486,0.476326705,2.229951781,5.219625653,2.730539923,0.523129455,0.030080352,11.25,1.169270833,133.625,2.636408485
4060789960_0,7853.5,957.7904282,0.049854063,817.366748,412.1343224,0.463063123,2.390441019,5.046083206,2.685561313,0.532207101,0.030184268,10.225,1.159090909,128.4,2.494655005
4060791810_0,14793.5,246.2102366,0.027410817,693.3483571,350.3929816,0.504446453,2.701581773,5.25710478,4.410053319,0.838874914,0.01365355,16.1,1.312244898,186.9,3.76056338
4060791820_0,1725.8,54.19564259,0.007260507,671.5848338,340.7262599,0.52245672,2.285650454,5.027190848,4.574642026,0.909979781,0.003393185,18.1,1.361581921,208.25,4.105470675
4060794670_0,21449.6,176.4713192,0.019250609,674.0750421,339.1645337,0.547976138,3.127826757,5.820230382,5.841842621,1.003713296,0.006093717,18.925,1.418386492,197.975,4.046499745
4060795650_0,1134.3,34.6857841,0.0016362,518.084816,267.6407814,0.508612825,1.878351492,4.686283862,4.273227295,0.911858398,0.005573817,18.425,1.356746765,210.7,4.178482895
4060795660_0,19222.7,169.659634,0.016025859,630.7540073,323.6572369,0.471678388,1.989352827,5.223104978,4.33921749,0.830773555,0.006805585,16.7,1.323412698,190.2,3.899538698
4060801220_0,26906.3,457.5362651,0.032972341,507.9525659,261.7729065,0.437398146,1.86871817,4.811689548,3.606018331,0.749428718,0.021247241,15.15,1.33924612,181.05,3.505808325
4060801370_0,27790.2,519.4325092,0.014776353,723.8425478,365.0511947,0.607837024,2.402396404,3.339313697,3.548536037,1.062654293,0.000136902,13.675,1.3,166.275,2.954242559
4060801390_0,14070.3,228.3361938,0.019130162,405.545109,209.2402679,0.427760194,1.861491689,4.731294746,3.679288869,0.777649474,0.015511459,16.725,1.305882353,191.85,3.769646365
4060801560_0,7599.6,612.1440665,0.030115502,743.5585529,373.0864505,0.54499362,2.929339561,3.988699032,3.236527292,0.811424293,0.000550131,11.525,1.161616162,140.7,2.260747288
4060801670_0,17236.6,881.5259639,0.039897025,680.6033656,344.3918484,0.423195407,2.119052195,4.993870812,3.048592359,0.610466805,0.026485966,10.625,1.177777778,139.7,2.819787986
4060801680_0,5349.8,878.8459236,0.04648596,735.2372337,375.3479353,0.438886819,1.872749362,5.31581707,2.895922254,0.544774626,0.032238066,12.525,1.225490196,147.15,2.770352941
4060802680_0,29520.5,350.3436631,0.025640184,519.1335264,265.9827525,0.404760185,1.770313718,5.020591492,3.536653604,0.704429669,0.018176773,12.0,1.270557029,159.175,3.454693435
4060804380_0,1070.0,366.74617,0.01521085,808.0164223,404.7633152,0.578573891,2.747408653,3.477557767,3.599294455,1.035006374,6.94e-05,14.975,1.215447154,180.4,2.796203022
4060804580_0,18872.8,1010.446001,0.037547497,748.7840508,377.9942988,0.475874967,2.586594061,4.212992055,2.993499296,0.710539981,0.012818755,9.2,1.122324159,123.675,2.221473495
4060804900_0,21056.9,205.4086002,0.017959229,691.7084119,352.8564477,0.548259154,3.096270463,5.490522796,6.648021671,1.210817607,0.003348214,16.325,1.296812749,184.25,3.916046759
4060804910_0,1557.1,35.98306417,0.003132847,665.9139404,340.1338005,0.507609123,2.021483694,5.711862593,4.966084013,0.869433382,0.001704545,18.325,1.363128492,206.05,4.127190786
4060805770_0,11167.7,888.4940041,0.045669931,616.5902839,311.5641811,0.482601668,2.480145533,4.158071705,3.704246558,0.890856825,0.00219088,10.725,1.192200557,123.075,2.201252236
4060806290_0,4767.8,665.775178,0.033683751,749.5458488,375.6810198,0.54155684,3.007056864,4.363350078,3.064748304,0.702384234,0.002061006,9.85,1.149122807,115.65,2.050997783
4060810390_0,11167.7,1762.738669,0.083465714,498.0561593,253.2428005,0.380135115,2.156639965,4.387914234,2.877039548,0.655673606,0.067223439,6.9,1.155462185,94.775,2.015957447
4060810520_0,15044.4,1597.717488,0.059043654,596.1183475,302.2516161,0.415892137,2.306752184,4.250927417,3.099281598,0.729083631,0.05003427,7.525,1.158301158,97.475,1.944139651
4060811130_0,49196.3,4301.965599,0.099449319,240.9713223,129.3485474,0.210006489,1.294242816,2.471536773,1.61187362,0.652174646,0.625804244,3.25,1.240384615,156.675,3.996173469
4060811140_0,9389.3,4324.461792,0.103792821,218.3144339,117.0967408,0.19205826,1.134750863,2.724772486,2.277110642,0.835706707,0.57003971,6.8,1.237442922,171.175,4.314429742
4060815490_0,4824.2,3985.828406,0.137330608,257.4442387,146.9871653,0.222381336,1.658026825,6.900258411,0.98324017,0.142493239,0.534164896,8.775,1.593607306,100.325,3.090909091
4060815730_0,19393.4,700.5635302,0.039689522,595.2915935,303.7441914,0.400265501,1.74118603,5.462396096,3.055214641,0.559317667,0.023970244,13.925,1.306603774,156.575,3.060087934
4060815910_0,5890.2,421.4619364,0.026647593,494.5577479,248.4676252,0.389042752,1.839840814,5.628030722,3.553723222,0.631432804,0.020963923,15.875,1.316008316,173.875,3.440158259
4060816210_0,2750.0,301.1138134,0.031487217,708.2353821,356.4271393,0.549587347,3.265822582,5.828889356,4.69021631,0.804650084,0.007165153,16.15,1.356540084,188.575,3.763972056
4060816400_0,2256.7,415.9831193,0.036209471,686.6704203,344.992377,0.567194212,3.318441544,5.818557141,6.034518194,1.037115912,0.007200339,15.975,1.358208955,183.525,3.6705
4060817150_0,7572.3,264.324265,0.026270377,700.671342,354.9552231,0.545142527,3.06918514,6.00830543,4.761775852,0.792532255,0.004850615,15.5,1.33982684,179.6,3.731948052
4060817380_0,7855.9,192.3285126,0.018970698,772.2977098,394.2013251,0.501627353,2.140171764,5.058159615,4.395647569,0.869021127,0.003658622,16.8,1.324752475,192.275,3.942080984
4060817390_0,16943.1,200.7631486,0.019849381,749.10674,383.2946346,0.502600193,2.206303816,5.209232517,4.957745953,0.951722914,0.003009729,15.775,1.25,186.025,3.899895178
4060817400_0,2803.7,233.1641846,0.02285279,717.5807648,364.7281189,0.548374073,3.04524455,6.003781154,5.67895713,0.945896758,0.004440998,17.075,1.316602317,186.8,3.787126204
4060818150_0,2334.7,4571.539988,0.095450732,197.3481487,101.7509565,0.166623162,1.044198571,3.194794317,2.648168521,0.828901099,0.536543599,3.875,1.107913669,105.05,3.271028037
4060818780_0,86190.4,4327.66165,0.06968473,234.4593076,120.7481074,0.204448079,1.195021182,2.530989663,2.18037891,0.861472862,0.590006845,0.45,0.944444444,155.65,4.535714286
4060818790_0,12207.1,4090.812469,0.09022426,343.9542138,177.4141267,0.2821652,2.087838478,3.23044051,3.160787588,0.978438568,0.453424658,5.8,1.184615385,143.7,3.577473553
4060820560_0,3420.1,4764.890503,0.076140186,165.2544228,85.54545708,0.129884186,0.693632935,2.201061214,3.116769065,1.416030161,0.536807505,10.525,1.37704918,193.85,6.676141258
4060820850_0,2613.3,4452.479065,0.104468873,177.1712351,96.85639477,0.119603131,1.048745301,3.90130212,1.894884021,0.485705532,0.583886645,5.475,1.26744186,88.65,3.00169348
4060828450_0,5743.1,3704.004258,0.10906416,509.4495397,270.6835898,0.388041645,3.695478787,3.934158915,5.945852053,1.511340081,0.272290809,2.975,1.102803738,132.775,3.708100559
4060828460_0,19113.1,3704.557486,0.092269615,435.3149755,228.2209754,0.334038833,2.931563263,4.002812628,4.801276162,1.199475621,0.224938373,3.425,1.089430894,143.8,4.447795824
4060830030_0,6908.3,479.8475596,0.033888598,448.2246539,227.8619019,0.366075182,1.724568331,5.173087801,3.453835889,0.667654604,0.021413127,13.3,1.229166667,166.325,3.356710394
4060830110_0,7587.0,549.2186133,0.030379759,466.7313534,238.1998145,0.35558121,1.746610141,5.570356253,3.313167919,0.594785642,0.022231456,13.925,1.260770975,159.35,3.224582701
4060835350_0,7193.4,196.9066017,0.015191729,622.6076611,318.4642176,0.448106365,1.911594513,4.731463186,4.1944892,0.886509952,0.009639063,15.8,1.287755102,190.15,3.831738035
4060835360_0,10666.7,177.8559993,0.016641637,647.6555108,333.137851,0.437516694,1.755026337,5.28867111,4.508270789,0.852439241,0.003940887,16.5,1.27961165,189.325,3.962846677
4060836200_0,8101.0,2324.254286,0.123254284,769.6262371,433.1517007,0.456142979,5.59158489,12.62727844,5.230016103,0.414183953,0.002327492,1.6,1.166666667,54.0,2.726010101
4060836210_0,8236.2,2562.972245,0.119537889,649.4616281,360.6255409,0.431997209,4.61642326,10.00269297,4.379723858,0.437854473,0.026560789,4.25,1.224637681,70.475,3.079781421
4060837170_0,16429.0,3241.92602,0.104554666,471.2774437,243.0985932,0.396371619,3.286141042,3.869788662,5.11497657,1.321771553,0.189520548,6.775,1.338308458,135.575,3.83592645
4060837180_0,13855.9,3856.965748,0.08817919,420.4989393,218.4433073,0.336567902,2.907532261,3.827029272,4.963344386,1.296918323,0.350821918,4.65,1.149068323,154.45,4.583827893
4060847380_0,16407.9,2239.576964,0.086887634,450.2976781,234.234802,0.322377838,2.263368218,4.263696433,3.994220612,0.936797606,0.028487297,5.75,1.151515152,145.375,3.734104046
4060847390_0,13403.0,2137.999958,0.053477329,492.312765,258.8339618,0.310604816,2.257189699,3.791448354,4.186937066,1.104310721,0.015974222,8.55,1.155932203,161.0,3.707949309
4060853610_0,16462.6,1129.509817,0.027066415,650.8798797,331.9770064,0.43077329,2.224658712,4.441769394,3.391715208,0.763595519,0.021904827,10.8,1.187327824,130.95,2.5105465
4060853730_0,6555.2,1171.967912,0.023056763,557.0126678,286.773645,0.410773552,2.118604219,4.364009127,3.645802863,0.835425123,0.028577331,12.875,1.152808989,140.9,2.665562914
4060855410_0,10386.7,658.7025322,0.028573933,457.1134822,231.4483039,0.366214068,1.820328239,5.196532797,3.296744799,0.634412392,0.026003587,12.65,1.243842365,154.15,3.127281947
4060856600_0,10333.4,339.5288731,0.027093817,709.6568802,364.9902713,0.433500064,1.677037703,5.174388494,4.305695365,0.832116755,0.004118961,14.775,1.255319149,169.475,3.656418554
4060856770_0,1295.8,143.7797666,0.013682512,537.4499817,276.800108,0.394234347,1.727313781,4.756923537,4.540236334,0.954448038,0.00389684,17.55,1.274545455,199.2,4.069458631
4060857280_0,17734.2,782.455759,0.030916935,451.3674218,228.9831034,0.374460873,1.893111049,4.947652293,3.400892292,0.687374959,0.028262218,12.575,1.201438849,141.85,3.001057641
4060857570_0,6792.0,563.7357853,0.032205989,498.6843884,249.6749556,0.40747348,2.02852183,5.261196584,4.37080185,0.830761934,0.014878676,14.75,1.26124197,161.775,3.3703125
4060857900_0,4217.6,690.6877073,0.04265554,604.292916,307.1241535,0.410751288,1.879333213,5.269828951,3.976782208,0.754632123,0.020947874,13.1,1.227699531,153.95,3.246178176
4060859240_0,9095.1,279.6046581,0.025967227,734.4584579,376.3070035,0.470875972,1.979190306,4.876739566,4.367725433,0.895624089,0.003502872,15.3,1.236842105,178.775,3.693698347
4060861310_0,3074.7,304.425134,0.025389705,712.0205383,364.5923691,0.523465923,3.070569558,5.195415323,6.478982085,1.247057585,0.003962638,17.2,1.27458256,193.25,3.983505155
4060861390_0,9167.1,351.2368867,0.029008622,728.9673319,373.4055178,0.49001696,2.328722067,5.034289842,4.861468413,0.96567114,0.003429691,14.7,1.235789474,179.7,3.846895075
4060863830_0,20299.1,318.5254769,0.02228751,653.5001639,335.6085912,0.429013383,1.768598213,4.648167309,4.349651862,0.935777818,0.005855291,14.925,1.233954451,175.3,3.823336968
4060863840_0,11778.7,444.8952304,0.032538105,707.5281512,363.49013,0.446244304,1.914556364,4.974692907,4.328262109,0.87005614,0.004876689,13.9,1.225165563,167.575,3.761503928
4060867040_0,10626.6,1650.936371,0.033920976,711.3611227,360.2344502,0.441786004,2.247673522,3.902861258,3.307668436,0.84749834,0.04212693,9.975,1.140401146,120.975,2.181326116
4060867050_0,7099.6,1616.355592,0.034481974,660.015111,336.7797561,0.432045599,2.104728451,4.381772567,3.483554519,0.795010345,0.029440022,10.7,1.138666667,122.225,2.307692308
4060869520_0,14843.4,2993.734794,0.101550562,520.5605057,274.0935023,0.376745533,3.595985274,5.157119657,5.430541661,1.053018356,0.071487264,3.425,1.142857143,109.5,3.352220521
4060869640_0,11063.4,2413.710428,0.094071569,478.8344147,247.8513263,0.355373161,3.102502394,4.43352494,5.531659191,1.24768875,0.029305033,6.15,1.161137441,133.225,3.572769953
4060871910_0,16483.1,529.3558951,0.043580845,622.1946927,313.7452271,0.62787118,5.10850136,5.388570833,12.76519437,2.368938772,0.002501042,15.0,1.325221239,178.35,3.875067898
4060872820_0,24955.7,2316.006497,0.074276056,563.6871116,296.7194455,0.388174805,3.827889006,4.002723545,8.094648326,2.022285135,0.001030291,11.0,1.272463768,190.85,6.468644068
4060873920_0,13695.0,465.5804137,0.039355662,637.7005403,323.675241,0.610310248,5.218653599,5.62464804,12.4836913,2.21946177,0.002100987,15.125,1.32166302,177.6,3.89260274
4060874020_0,11855.4,557.2484136,0.039074607,623.281923,317.3416609,0.607335854,5.517401121,4.850406844,11.88541199,2.450394858,0.001396161,15.725,1.286885246,185.825,3.996234535
4060879520_0,1247.8,489.283432,0.0465587,596.1270065,302.4267216,0.63957574,6.119611027,4.416978278,13.65142809,3.090671321,0.000841515,16.975,1.29389313,200.55,4.085583291
4060879660_0,5445.8,615.7691841,0.044930951,602.1116142,306.6184483,0.606641109,5.753464182,4.433059071,13.22749555,2.983830203,0.000837112,16.225,1.333333333,193.825,4.068766404
4060882890_0,8349.8,2055.811899,0.067164749,509.9542294,272.0389377,0.304759343,3.105524698,4.677827123,4.935344696,1.055050682,0.001450477,9.5,1.21474359,170.35,5.013245033
4060883040_0,11685.9,2066.089359,0.050485853,500.2275059,267.9458576,0.302526055,3.026121424,4.44686292,5.437689179,1.222814662,0.002489971,8.175,1.172661871,164.425,4.699785561
4060884430_0,9226.6,506.7083292,0.039086247,587.8458662,302.7188098,0.416375976,1.757768342,5.25620751,3.703619547,0.704618214,0.010244616,15.1,1.293991416,153.025,3.530871321
4060884440_0,12133.3,454.7907761,0.035002209,681.4902693,350.2504074,0.440266189,1.830714123,5.430046246,4.081657097,0.751679988,0.007667108,13.3,1.314356436,151.275,3.659407139
4060893370_0,6028.4,562.15987,0.047176106,604.1156319,306.8370426,0.620427691,5.63311793,4.554143206,11.08452194,2.433942333,0.000762459,15.2,1.313852814,187.65,3.846232701
4060893580_0,4907.0,451.6763163,0.042874072,629.0748057,320.0576696,0.593516899,4.753995308,4.773382956,9.833592368,2.060088717,0.000415599,14.925,1.32,186.225,3.929815303
4060893870_0,7133.5,356.2003267,0.025596118,680.5654565,347.7466724,0.555814128,3.795276022,5.359608243,8.408583766,1.568880296,0.00260747,16.85,1.299227799,188.375,4.019743863
4060893880_0,7778.0,385.7257748,0.026649069,656.0841545,334.7616104,0.577531198,4.203986661,4.711032352,9.534989402,2.023970266,0.001829054,16.325,1.27592955,189.875,4.158269441
4060894110_0,1195.4,1836.74231,0.061738065,515.5291163,274.1865463,0.325718832,3.448739491,3.856701785,4.980747146,1.291452496,0.000420934,16.3,1.342268041,206.625,6.083946981
4060894390_0,9286.9,1956.523361,0.045884084,544.7195947,287.7181851,0.379162012,3.811399466,3.61856838,7.942552694,2.194943375,0.000628228,15.475,1.263803681,203.1,6.034918276
4060895850_0,2332.5,822.9069901,0.043594014,356.5114861,182.8778667,0.342159235,1.812961646,5.302264396,3.28405132,0.619367703,0.017247375,12.6,1.221411192,138.4,3.174885321
4060896050_0,4218.2,868.7061615,0.035595534,412.3331238,212.0594681,0.363799574,1.885964529,5.273759948,3.446288679,0.653478488,0.012255072,12.675,1.231143552,135.05,3.132830626
4060896610_0,4087.6,306.8627872,0.025028707,669.4454803,342.4317513,0.541259409,3.3211306,5.090198858,6.170892786,1.212308784,0.002615211,17.05,1.251838235,190.175,4.032343584
4060896760_0,7824.7,369.6949872,0.027400263,651.4608083,332.2569242,0.55988271,3.66180018,4.507281827,8.186032168,1.816179347,0.00224798,15.7,1.290123457,189.7,4.296715742
4060897200_0,7724.7,465.2419328,0.034205357,692.816758,354.2066629,0.518444632,2.898906499,4.72459628,6.801478111,1.43958927,0.002518363,15.075,1.248962656,183.15,3.926045016
4060904420_0,7256.4,629.2783623,0.044891512,425.1686991,217.4877319,0.377972411,1.94461667,5.43440734,3.429347458,0.631043505,0.010563625,13.025,1.3,139.875,3.319287834
4060904430_0,5073.7,640.4166321,0.04798727,577.7984314,291.0618061,0.443928248,2.178971017,6.645974213,3.806748725,0.572790174,0.007939824,12.875,1.266009852,132.0,3.311166876
4060905860_0,19464.8,3154.077107,0.102094728,479.6953111,251.3008497,0.403469132,3.581313084,3.968495545,4.019333438,1.012810369,0.323519343,4.55,1.350746269,123.4,3.757229833
4060905950_0,2712.9,2553.259102,0.088342552,608.3321495,315.1229095,0.517160271,5.053653614,3.906700396,8.099348956,2.073194291,0.005385625,10.175,1.35,172.05,5.270290965
4060916600_0,8843.9,1048.408705,0.025735751,568.1510718,291.9551358,0.422831758,2.105155427,4.469598441,3.915269646,0.875977942,0.005304492,12.775,1.203309693,140.575,2.855256475
4060916750_0,3535.1,814.4388123,0.03850146,573.7016983,288.9640503,0.501169244,2.544514349,3.929517596,6.458766191,1.643653714,0.000760982,14.175,1.23580786,163.5,3.206964198
4060917320_0,5800.3,944.4769999,0.027386575,513.8365326,263.8091822,0.399867132,1.924968611,4.736535599,3.746538151,0.790987014,0.010223819,12.625,1.16937355,136.775,3.070707071
4060922260_0,1879.3,2084.447464,0.074381736,659.4218273,347.1949453,0.492385634,4.775417766,4.306597894,8.088228283,1.878101574,0.0,9.825,1.351724138,167.075,5.861403509
4060922270_0,1446.0,1987.397603,0.067654829,685.8892288,361.7237663,0.533612682,5.299018091,3.988085856,10.43269562,2.615965653,0.0,10.2,1.325732899,172.975,6.447343896
4060925420_0,26768.0,1590.276829,0.034816712,615.2131259,315.9761782,0.407356495,2.100721344,4.364776086,4.259753695,0.975938653,0.008367627,9.975,1.141618497,126.2,2.581585678
4060925590_0,11904.5,1112.088797,0.034021755,601.3398137,303.8830086,0.489165576,2.47408728,4.088840569,7.040031062,1.721767074,0.000824063,12.2,1.268229167,153.7,3.112405063
4060930150_0,7117.7,496.8776484,0.038137129,712.7472463,365.754452,0.472418492,2.188416938,4.892191767,4.491866154,0.918170499,0.005371843,13.5,1.295673077,165.075,3.840023269
4060930160_0,7572.9,406.3738842,0.032465582,664.9718285,339.258522,0.573701838,3.767463654,4.758998312,7.469828222,1.569621952,0.000978679,14.575,1.310810811,173.2,4.121356336
4060932660_0,7563.2,1759.420517,0.030137604,576.8330463,299.1057699,0.370419557,2.220569295,4.431643512,4.194593514,0.946509687,0.011149346,11.325,1.192612137,146.875,3.049844237
4060933190_0,12061.1,2274.431655,0.073094596,643.2493545,337.4163986,0.502083611,4.770705235,3.708038795,9.546014525,2.574410639,0.000620561,10.7,1.309815951,178.475,6.074893617
4060935000_0,9667.7,1670.181978,0.032051731,480.5712628,253.3010091,0.294790048,2.239118669,3.322318055,5.693472472,1.713704822,0.001857713,13.05,1.29925187,185.175,4.073707371
4060935010_0,5105.8,1488.797178,0.027851715,472.6353307,244.314465,0.356668016,2.095183304,3.607692548,6.351942779,1.760666325,0.001855543,14.05,1.307692308,178.9,3.590065228
4060938140_0,16701.3,545.7277717,0.030886078,489.1532455,252.4389469,0.401788854,1.939312739,6.289783507,3.771485805,0.599620925,0.001108417,10.975,1.284457478,127.225,3.418682796
4060938150_0,9130.0,437.3962101,0.035770358,508.8603271,260.9900976,0.436743516,2.126381125,7.249647116,3.934631633,0.542734228,0.001322291,13.0,1.334190231,131.275,3.567641061
4060939450_0,4868.5,1886.869971,0.042528909,525.0835159,279.2929047,0.352492507,3.545376871,3.339179498,7.949593368,2.380702617,0.000349089,14.2,1.306451613,196.125,5.797487066
4060939460_0,1608.8,1905.412354,0.040563653,520.3631516,276.7416763,0.346032234,3.408007873,3.205327786,6.75648313,2.10789148,0.000279525,15.3,1.306866953,203.725,5.701889433
4060940690_0,2392.4,370.5273929,0.024670562,637.4795108,325.2833082,0.570541121,4.154468352,4.859853783,9.363674814,1.926740028,0.001198534,15.4,1.336956522,186.525,4.320208454
4060940820_0,2727.0,385.2094739,0.025639035,640.2843348,326.9795049,0.576573826,4.271510978,4.953864848,8.581790851,1.732342547,0.000846024,14.975,1.340807175,183.5,4.228110599
4060946690_0,7618.1,361.4543222,0.028164167,599.4737053,305.9951655,0.481895075,2.266345013,7.143834777,4.418075199,0.618445882,0.00041841,12.95,1.312977099,133.15,3.628493524
4060946780_0,2194.4,205.3772268,0.01392073,462.8673134,238.7857037,0.438594507,2.038652265,6.503812882,4.534859874,0.697261738,0.0,15.0,1.328159645,151.05,3.684563758
4060947690_0,9526.9,1904.947345,0.061627274,593.5108183,310.7888574,0.466627476,4.145748405,3.356249348,9.80648889,2.921859455,0.000208464,13.1,1.324873096,187.4,5.818322981
4060947700_0,2129.6,1620.362478,0.065061806,564.9028358,297.5667165,0.433923742,4.049723292,3.12100015,7.760223085,2.486453929,6.99e-05,15.35,1.396355353,196.55,5.466620306
4060948690_0,5788.1,994.9473203,0.035900534,540.8050944,269.7398361,0.584936043,3.190454614,3.921051985,11.85889464,3.024416582,0.000413081,13.35,1.290556901,158.9,3.225888325
4060948920_0,4094.3,1806.499719,0.038343525,522.7620341,278.3098789,0.334650002,3.177083435,3.309650222,6.476732498,1.956923561,0.000901088,13.425,1.27014218,189.35,4.846991037
4060948930_0,10392.4,1951.522091,0.032893217,487.7466042,260.8455654,0.283944661,2.607015539,3.54786168,5.246481455,1.47877283,0.003100455,11.4,1.253443526,175.95,4.221355729
4060948940_0,5417.2,1206.858453,0.031714604,453.0249954,231.0629433,0.434241913,2.389400555,3.872729806,7.12295274,1.839258894,0.000687994,14.275,1.275167785,172.425,3.355717762
4060949460_0,3624.0,348.4723949,0.0363718,659.0951309,336.4894009,0.535464187,2.839737708,6.279739211,4.498467024,0.716346153,0.000280073,13.95,1.310588235,153.875,4.225961538
4060949740_0,4831.4,319.719326,0.034190145,682.4719912,347.8716399,0.576145602,3.29619053,5.327057809,6.404096693,1.202182691,0.000140687,15.125,1.337028825,169.875,4.438275637
4060953480_0,4065.1,508.6497753,0.027132442,565.3074581,291.3774517,0.416851271,1.949777595,5.661293578,4.064812609,0.718000675,0.000278203,12.8,1.294416244,139.175,3.426724138
4060953500_0,10131.4,431.9089401,0.040772389,699.9094989,358.0742709,0.497572336,2.307293762,5.870446389,4.480373874,0.763208379,0.000767567,13.1,1.327411168,147.65,4.046607265
4060953700_0,17539.1,569.4220837,0.028042419,555.3200661,283.9390804,0.458145248,2.289128822,5.293171812,4.960372125,0.937126604,0.000276663,11.8,1.279891304,134.1,3.349781387
4060956990_0,1678.9,840.8153839,0.040252891,474.5233002,237.8850613,0.543978351,2.996346601,3.846787316,8.857027982,2.302448057,0.0,14.825,1.281385281,183.55,3.529326923
4060957100_0,3361.4,901.9551468,0.037287696,470.0825014,238.1645241,0.478712727,2.638574609,3.850141723,7.112856397,1.847427162,0.000275691,14.25,1.287330317,178.5,3.45212766
4060960280_0,3898.0,279.4001513,0.024018763,580.7205162,297.5618658,0.483666102,2.2418085,5.760834485,4.478166093,0.777346772,0.0,12.2,1.242346939,141.275,3.713346483
4060960530_0,4273.3,194.9849968,0.014293597,435.0508893,224.8182983,0.425006124,1.9687198,5.584005665,4.565197613,0.817548886,0.0,14.05,1.280821918,151.525,3.721744472
4060960640_0,1210.4,1586.323677,0.03948396,489.2320957,259.6952229,0.295457042,2.531122749,2.81448635,5.200329392,1.847701053,0.000484463,15.325,1.310492505,207.025,4.518558952
4060960650_0,4879.4,1535.780017,0.055899194,502.4100937,261.0337303,0.391729024,2.849508117,3.39109775,5.093735669,1.502090487,0.000550926,12.95,1.342857143,183.1,4.642993025
4060962350_0,5820.7,325.2231874,0.031257074,673.061264,343.0043671,0.58501649,3.655406358,5.411722487,7.049968426,1.30272172,0.000351321,14.1,1.331753555,173.65,4.492884864
4060962450_0,4867.3,300.865591,0.026785193,658.1950569,335.7812786,0.577625264,3.717689925,4.599784011,8.84321893,1.922529168,7.02e-05,14.925,1.357630979,187.925,4.561286408
4060965530_0,3986.6,309.8000374,0.018659454,490.0211372,252.8403292,0.424275454,2.075752667,5.503483746,4.332621585,0.787250728,0.0,14.125,1.273755656,148.0,3.621175031
4060965540_0,4127.5,206.4355412,0.016456053,531.3788624,273.4676456,0.437991957,2.042306611,5.59216518,4.437466089,0.793514845,0.0,13.675,1.284705882,150.875,3.794339623
4060970040_0,18791.7,392.1077403,0.035085379,661.3433612,338.4252625,0.487537696,2.182099912,6.443146122,4.026792581,0.624973034,0.000695362,11.85,1.32122905,133.475,3.847873107
4060970270_0,2231.2,194.127313,0.021087445,724.0335617,369.4126155,0.546063778,2.462532842,5.236282761,4.659098547,0.889772146,0.0,13.2,1.294840295,168.05,4.242424242
4060971600_0,5024.9,1511.501421,0.067650073,660.9988335,347.229364,0.523117714,5.006391356,4.560417031,10.05004774,2.203756294,0.0,9.075,1.297491039,149.375,4.965087282
4060971610_0,4037.0,1600.184654,0.060912517,576.816576,301.8562342,0.453126182,4.05068562,3.531876756,8.233680359,2.331247925,0.000138456,11.65,1.322857143,175.1,5.148529412
4060971890_0,11597.2,371.6702558,0.035394235,713.5143574,364.4259946,0.497981817,2.312668906,6.19287693,4.126704497,0.666363072,0.000209395,13.0,1.341085271,142.625,4.080829757
4060972210_0,2922.5,189.3416951,0.019507455,585.5384827,299.7537155,0.496220987,2.220407742,5.878212918,4.646638138,0.79048483,0.0,12.925,1.267813268,146.275,3.798051948
4060972260_0,16988.7,150.7142902,0.013329222,646.7111796,331.1454564,0.492929909,2.242665871,5.063688927,4.834455237,0.954729903,0.0,12.225,1.280839895,153.5,3.954896907
4060972600_0,8344.1,258.1955029,0.025808087,712.482516,363.8118375,0.527369451,2.284755368,6.133869359,4.282707311,0.698206476,0.0,12.575,1.317585302,142.9,3.94885971
4060972680_0,9319.0,224.2105384,0.021423605,717.7188116,365.9234402,0.554766491,2.427030527,5.104398881,4.789310255,0.938271159,0.0,11.725,1.30362117,158.525,4.242971888
4060976010_0,7339.2,258.6304125,0.03031717,723.431144,369.4074368,0.510905803,2.303963074,6.308159069,4.59999262,0.729213162,0.0,12.65,1.340425532,147.45,4.364174685
4060976020_0,6178.9,184.2277893,0.024413665,668.643371,341.405097,0.543756985,2.589589149,6.581718497,5.128233579,0.779163312,0.0,14.475,1.414215686,159.025,4.548640916
4060976610_0,11450.6,1702.980173,0.066772306,680.3222008,356.5684587,0.5755381,5.081384553,4.427043211,10.97299254,2.478627838,0.0,8.8,1.387351779,166.975,6.246024322
4060978600_0,6902.4,152.9730018,0.022393886,692.5334741,353.443761,0.525787723,2.368293038,5.211974257,4.907397519,0.941562118,0.0,12.85,1.325581395,165.125,4.428571429
4060979000_0,1810.1,206.6619167,0.02561483,724.4979744,369.3921833,0.541285805,2.542795437,4.799659519,4.737811081,0.987113995,0.0,13.95,1.332535885,174.7,4.333746898
4060979010_0,3677.8,170.8848038,0.023074459,654.848774,333.5924377,0.581811845,3.241296237,6.10525956,8.646535455,1.416243711,0.0,15.5,1.439252336,167.225,4.656685237
4060979210_0,4492.8,235.005846,0.025690607,714.1481158,364.0173651,0.551113421,2.491018478,4.547646382,4.723730475,1.03871983,0.0,12.4,1.375,171.875,4.298311445
4060979220_0,4051.9,72.28732332,0.014085643,586.9382706,300.9141426,0.502383917,2.680120594,5.401317592,7.001057664,1.296175895,0.0,15.575,1.473933649,179.675,4.871186441
4060979950_0,5229.1,222.0017643,0.026146848,667.6064972,340.2576981,0.592275319,3.665478343,4.921283195,6.895859575,1.401232016,0.0,15.3,1.390410959,183.325,4.867861886
4060980130_0,4103.9,126.0069389,0.020503441,658.6769318,336.0595352,0.547904931,3.032838393,5.145679761,7.172216371,1.393832633,0.0,15.2,1.459134615,181.825,4.996563574
4060981360_0,3929.5,225.0086441,0.015218155,594.3569616,304.5015632,0.465551695,2.353113397,5.44741313,4.899847669,0.899481562,0.0,12.675,1.265,149.7,3.757689893
4060981620_0,16674.7,581.0153607,0.026352013,529.4873322,269.3579569,0.487767335,2.610177092,4.624066272,7.355949266,1.590796678,0.0,12.55,1.271573604,149.225,3.477855478
4060984750_0,7092.3,1535.921207,0.064704689,657.445543,343.3419148,0.565886323,5.144640183,5.548252502,11.09685883,2.000063773,0.0,5.775,1.232432432,139.525,5.184944238
4060986490_0,2337.7,1375.585459,0.059612568,745.8031158,394.9880397,0.623127821,5.843274411,4.112525095,13.079369,3.180374272,0.0,12.0,1.372492837,189.85,6.495295124
4060986500_0,8815.0,1484.319279,0.057260444,679.6276238,351.9585459,0.64923675,5.612388512,4.837593421,13.98182686,2.890244309,0.0,8.025,1.32231405,171.125,6.606177606
